,country,continent,year,export,country_code,latitude,longitude
1,Angola,Africa,2011,8,AO,-11.202692,17.873887
2,Angola,Africa,2008,6,AO,-11.202692,17.873887
3,Angola,Africa,2009,7,AO,-11.202692,17.873887
4,Angola,Africa,2007,4,AO,-11.202692,17.873887
5,Angola,Africa,2014,9,AO,-11.202692,17.873887
6,Angola,Africa,2015,11,AO,-11.202692,17.873887
7,Angola,Africa,2013,6,AO,-11.202692,17.873887
8,Angola,Africa,2006,5,AO,-11.202692,17.873887
9,Angola,Africa,1991,71,AO,-11.202692,17.873887
10,Angola,Africa,2012,8,AO,-11.202692,17.873887
11,Angola,Africa,2010,4,AO,-11.202692,17.873887
12,Angola,Africa,1994,8,AO,-11.202692,17.873887
13,Angola,Africa,1995,41,AO,-11.202692,17.873887
14,Angola,Africa,1992,80,AO,-11.202692,17.873887
15,Angola,Africa,1997,50,AO,-11.202692,17.873887
16,Angola,Africa,2016,11,AO,-11.202692,17.873887
17,Angola,Africa,2017,9,AO,-11.202692,17.873887
18,Angola,Africa,1996,52,AO,-11.202692,17.873887
19,Angola,Africa,2004,6,AO,-11.202692,17.873887
20,Angola,Africa,2005,5,AO,-11.202692,17.873887
21,Angola,Africa,2019,23,AO,-11.202692,17.873887
22,Angola,Africa,1999,50,AO,-11.202692,17.873887
23,Angola,Africa,2000,22,AO,-11.202692,17.873887
24,Angola,Africa,1993,39,AO,-11.202692,17.873887
25,Angola,Africa,1998,54,AO,-11.202692,17.873887
26,Angola,Africa,1990,84,AO,-11.202692,17.873887
27,Angola,Africa,2003,17,AO,-11.202692,17.873887
28,Angola,Africa,2001,14,AO,-11.202692,17.873887
29,Angola,Africa,2018,9,AO,-11.202692,17.873887
30,Angola,Africa,2002,9,AO,-11.202692,17.873887
31,Bolivia (Plurinational State of),Americas,2019,20,BO,-16.290154,-63.588653
32,Bolivia (Plurinational State of),Americas,1995,94,BO,-16.290154,-63.588653
33,Bolivia (Plurinational State of),Americas,1992,96,BO,-16.290154,-63.588653
34,Bolivia (Plurinational State of),Americas,2018,22,BO,-16.290154,-63.588653
35,Bolivia (Plurinational State of),Americas,1994,84,BO,-16.290154,-63.588653
36,Bolivia (Plurinational State of),Americas,1991,74,BO,-16.290154,-63.588653
37,Bolivia (Plurinational State of),Americas,2004,93,BO,-16.290154,-63.588653
38,Bolivia (Plurinational State of),Americas,1993,47,BO,-16.290154,-63.588653
39,Bolivia (Plurinational State of),Americas,1990,156,BO,-16.290154,-63.588653
40,Bolivia (Plurinational State of),Americas,2007,84,BO,-16.290154,-63.588653
41,Bolivia (Plurinational State of),Americas,2008,68,BO,-16.290154,-63.588653
42,Bolivia (Plurinational State of),Americas,2005,84,BO,-16.290154,-63.588653
43,Bolivia (Plurinational State of),Americas,2006,93,BO,-16.290154,-63.588653
44,Bolivia (Plurinational State of),Americas,1998,97,BO,-16.290154,-63.588653
45,Bolivia (Plurinational State of),Americas,1999,124,BO,-16.290154,-63.588653
46,Bolivia (Plurinational State of),Americas,1996,123,BO,-16.290154,-63.588653
47,Bolivia (Plurinational State of),Americas,1997,111,BO,-16.290154,-63.588653
48,Bolivia (Plurinational State of),Americas,2016,22,BO,-16.290154,-63.588653
49,Bolivia (Plurinational State of),Americas,2017,26,BO,-16.290154,-63.588653
50,Bolivia (Plurinational State of),Americas,2012,63,BO,-16.290154,-63.588653
51,Bolivia (Plurinational State of),Americas,2009,83,BO,-16.290154,-63.588653
52,Bolivia (Plurinational State of),Americas,2010,78,BO,-16.290154,-63.588653
53,Bolivia (Plurinational State of),Americas,2011,74,BO,-16.290154,-63.588653
54,Bolivia (Plurinational State of),Americas,2003,73,BO,-16.290154,-63.588653
55,Bolivia (Plurinational State of),Americas,2000,106,BO,-16.290154,-63.588653
56,Bolivia (Plurinational State of),Americas,2001,70,BO,-16.290154,-63.588653
57,Bolivia (Plurinational State of),Americas,2002,79,BO,-16.290154,-63.588653
58,Bolivia (Plurinational State of),Americas,2015,30,BO,-16.290154,-63.588653
59,Bolivia (Plurinational State of),Americas,2013,55,BO,-16.290154,-63.588653
60,Bolivia (Plurinational State of),Americas,2014,62,BO,-16.290154,-63.588653
61,Brazil,Americas,1992,18791,BR,-14.235004,-51.92528
62,Brazil,Americas,1990,16936,BR,-14.235004,-51.92528
63,Brazil,Americas,2002,27982,BR,-14.235004,-51.92528
64,Brazil,Americas,1993,17838,BR,-14.235004,-51.92528
65,Brazil,Americas,1994,17273,BR,-14.235004,-51.92528
66,Brazil,Americas,1995,14468,BR,-14.235004,-51.92528
67,Brazil,Americas,2005,26198,BR,-14.235004,-51.92528
68,Brazil,Americas,1991,21183,BR,-14.235004,-51.92528
69,Brazil,Americas,2003,25711,BR,-14.235004,-51.92528
70,Brazil,Americas,2004,26478,BR,-14.235004,-51.92528
71,Brazil,Americas,1998,18144,BR,-14.235004,-51.92528
72,Brazil,Americas,2006,27369,BR,-14.235004,-51.92528
73,Brazil,Americas,1996,15251,BR,-14.235004,-51.92528
74,Brazil,Americas,1997,16801,BR,-14.235004,-51.92528
75,Brazil,Americas,2001,23172,BR,-14.235004,-51.92528
76,Brazil,Americas,2014,37335,BR,-14.235004,-51.92528
77,Brazil,Americas,2015,37563,BR,-14.235004,-51.92528
78,Brazil,Americas,2016,34269,BR,-14.235004,-51.92528
79,Brazil,Americas,2017,30925,BR,-14.235004,-51.92528
80,Brazil,Americas,2018,35637,BR,-14.235004,-51.92528
81,Brazil,Americas,2019,40698,BR,-14.235004,-51.92528
82,Brazil,Americas,2007,28184,BR,-14.235004,-51.92528
83,Brazil,Americas,2008,29510,BR,-14.235004,-51.92528
84,Brazil,Americas,2009,30378,BR,-14.235004,-51.92528
85,Brazil,Americas,2010,33167,BR,-14.235004,-51.92528
86,Brazil,Americas,1999,23149,BR,-14.235004,-51.92528
87,Brazil,Americas,2000,18016,BR,-14.235004,-51.92528
88,Brazil,Americas,2013,31651,BR,-14.235004,-51.92528
89,Brazil,Americas,2011,33806,BR,-14.235004,-51.92528
90,Brazil,Americas,2012,28549,BR,-14.235004,-51.92528
91,Burundi,Africa,1999,409,BI,-3.373056,29.918886
92,Burundi,Africa,2000,444,BI,-3.373056,29.918886
93,Burundi,Africa,2004,339,BI,-3.373056,29.918886
94,Burundi,Africa,2005,371,BI,-3.373056,29.918886
95,Burundi,Africa,2002,289,BI,-3.373056,29.918886
96,Burundi,Africa,2003,476,BI,-3.373056,29.918886
97,Burundi,Africa,2006,281,BI,-3.373056,29.918886
98,Burundi,Africa,2007,356,BI,-3.373056,29.918886
99,Burundi,Africa,1990,585,BI,-3.373056,29.918886
100,Burundi,Africa,1991,688,BI,-3.373056,29.918886
101,Burundi,Africa,1997,529,BI,-3.373056,29.918886
102,Burundi,Africa,1998,374,BI,-3.373056,29.918886
103,Burundi,Africa,2011,218,BI,-3.373056,29.918886
104,Burundi,Africa,2001,303,BI,-3.373056,29.918886
105,Burundi,Africa,2014,252,BI,-3.373056,29.918886
106,Burundi,Africa,1992,646,BI,-3.373056,29.918886
107,Burundi,Africa,2012,392,BI,-3.373056,29.918886
108,Burundi,Africa,2013,195,BI,-3.373056,29.918886
109,Burundi,Africa,2008,251,BI,-3.373056,29.918886
110,Burundi,Africa,2009,289,BI,-3.373056,29.918886
111,Burundi,Africa,1993,418,BI,-3.373056,29.918886
112,Burundi,Africa,1994,508,BI,-3.373056,29.918886
113,Burundi,Africa,2017,169,BI,-3.373056,29.918886
114,Burundi,Africa,1995,528,BI,-3.373056,29.918886
115,Burundi,Africa,2010,307,BI,-3.373056,29.918886
116,Burundi,Africa,2016,204,BI,-3.373056,29.918886
117,Burundi,Africa,2015,230,BI,-3.373056,29.918886
118,Burundi,Africa,2019,293,BI,-3.373056,29.918886
119,Burundi,Africa,1996,224,BI,-3.373056,29.918886
120,Burundi,Africa,2018,202,BI,-3.373056,29.918886
121,Cameroon,Africa,2012,622,CM,7.369722,12.354722
122,Cameroon,Africa,2013,272,CM,7.369722,12.354722
123,Cameroon,Africa,2008,527,CM,7.369722,12.354722
124,Cameroon,Africa,2009,618,CM,7.369722,12.354722
125,Cameroon,Africa,2007,721,CM,7.369722,12.354722
126,Cameroon,Africa,2015,390,CM,7.369722,12.354722
127,Cameroon,Africa,2016,281,CM,7.369722,12.354722
128,Cameroon,Africa,2014,375,CM,7.369722,12.354722
129,Cameroon,Africa,2006,739,CM,7.369722,12.354722
130,Cameroon,Africa,1992,1646,CM,7.369722,12.354722
131,Cameroon,Africa,2010,794,CM,7.369722,12.354722
132,Cameroon,Africa,2005,704,CM,7.369722,12.354722
133,Cameroon,Africa,2011,490,CM,7.369722,12.354722
134,Cameroon,Africa,1996,564,CM,7.369722,12.354722
135,Cameroon,Africa,1993,705,CM,7.369722,12.354722
136,Cameroon,Africa,1994,546,CM,7.369722,12.354722
137,Cameroon,Africa,2017,245,CM,7.369722,12.354722
138,Cameroon,Africa,2018,287,CM,7.369722,12.354722
139,Cameroon,Africa,1997,1368,CM,7.369722,12.354722
140,Cameroon,Africa,1998,746,CM,7.369722,12.354722
141,Cameroon,Africa,2019,250,CM,7.369722,12.354722
142,Cameroon,Africa,1991,1752,CM,7.369722,12.354722
143,Cameroon,Africa,2000,1205,CM,7.369722,12.354722
144,Cameroon,Africa,2001,1125,CM,7.369722,12.354722
145,Cameroon,Africa,2002,640,CM,7.369722,12.354722
146,Cameroon,Africa,1995,407,CM,7.369722,12.354722
147,Cameroon,Africa,2004,734,CM,7.369722,12.354722
148,Cameroon,Africa,1999,1154,CM,7.369722,12.354722
149,Cameroon,Africa,2003,814,CM,7.369722,12.354722
150,Cameroon,Africa,1990,2611,CM,7.369722,12.354722
151,Central African Republic,Africa,1992,100,CF,6.611111,20.939444
152,Central African Republic,Africa,1993,137,CF,6.611111,20.939444
153,Central African Republic,Africa,1995,232,CF,6.611111,20.939444
154,Central African Republic,Africa,1996,98,CF,6.611111,20.939444
155,Central African Republic,Africa,2019,19,CF,6.611111,20.939444
156,Central African Republic,Africa,1991,141,CF,6.611111,20.939444
157,Central African Republic,Africa,2018,39,CF,6.611111,20.939444
158,Central African Republic,Africa,2005,47,CF,6.611111,20.939444
159,Central African Republic,Africa,1994,137,CF,6.611111,20.939444
160,Central African Republic,Africa,2007,122,CF,6.611111,20.939444
161,Central African Republic,Africa,2008,33,CF,6.611111,20.939444
162,Central African Republic,Africa,2009,62,CF,6.611111,20.939444
163,Central African Republic,Africa,2006,17,CF,6.611111,20.939444
164,Central African Republic,Africa,1998,102,CF,6.611111,20.939444
165,Central African Republic,Africa,1999,195,CF,6.611111,20.939444
166,Central African Republic,Africa,2000,203,CF,6.611111,20.939444
167,Central African Republic,Africa,1997,203,CF,6.611111,20.939444
168,Central African Republic,Africa,1990,197,CF,6.611111,20.939444
169,Central African Republic,Africa,2017,18,CF,6.611111,20.939444
170,Central African Republic,Africa,2004,64,CF,6.611111,20.939444
171,Central African Republic,Africa,2013,1,CF,6.611111,20.939444
172,Central African Republic,Africa,2010,95,CF,6.611111,20.939444
173,Central African Republic,Africa,2011,78,CF,6.611111,20.939444
174,Central African Republic,Africa,2012,78,CF,6.611111,20.939444
175,Central African Republic,Africa,2016,80,CF,6.611111,20.939444
176,Central African Republic,Africa,2001,94,CF,6.611111,20.939444
177,Central African Republic,Africa,2002,95,CF,6.611111,20.939444
178,Central African Republic,Africa,2003,40,CF,6.611111,20.939444
179,Central African Republic,Africa,2014,75,CF,6.611111,20.939444
180,Central African Republic,Africa,2015,43,CF,6.611111,20.939444
181,Colombia,Americas,1991,12599,CO,4.570868,-74.297333
182,Colombia,Americas,1992,16564,CO,4.570868,-74.297333
183,Colombia,Americas,1996,10588,CO,4.570868,-74.297333
184,Colombia,Americas,2003,10244,CO,4.570868,-74.297333
185,Colombia,Americas,1994,11768,CO,4.570868,-74.297333
186,Colombia,Americas,1995,9814,CO,4.570868,-74.297333
187,Colombia,Americas,1990,13944,CO,4.570868,-74.297333
188,Colombia,Americas,2006,10945,CO,4.570868,-74.297333
189,Colombia,Americas,2004,10194,CO,4.570868,-74.297333
190,Colombia,Americas,1993,13568,CO,4.570868,-74.297333
191,Colombia,Americas,2005,10871,CO,4.570868,-74.297333
192,Colombia,Americas,1999,9995,CO,4.570868,-74.297333
193,Colombia,Americas,2007,11300,CO,4.570868,-74.297333
194,Colombia,Americas,1997,10919,CO,4.570868,-74.297333
195,Colombia,Americas,1998,11260,CO,4.570868,-74.297333
196,Colombia,Americas,2002,10273,CO,4.570868,-74.297333
197,Colombia,Americas,2015,12716,CO,4.570868,-74.297333
198,Colombia,Americas,2016,12831,CO,4.570868,-74.297333
199,Colombia,Americas,2017,12985,CO,4.570868,-74.297333
200,Colombia,Americas,2018,12808,CO,4.570868,-74.297333
201,Colombia,Americas,2019,13672,CO,4.570868,-74.297333
202,Colombia,Americas,2011,7734,CO,4.570868,-74.297333
203,Colombia,Americas,2008,11085,CO,4.570868,-74.297333
204,Colombia,Americas,2009,7894,CO,4.570868,-74.297333
205,Colombia,Americas,2010,7822,CO,4.570868,-74.297333
206,Colombia,Americas,2000,9177,CO,4.570868,-74.297333
207,Colombia,Americas,2001,9944,CO,4.570868,-74.297333
208,Colombia,Americas,2014,10954,CO,4.570868,-74.297333
209,Colombia,Americas,2012,7170,CO,4.570868,-74.297333
210,Colombia,Americas,2013,9670,CO,4.570868,-74.297333
211,Congo,Africa,2006,0,CD,-4.038333,21.758664
212,Congo,Africa,2000,0,CD,-4.038333,21.758664
213,Congo,Africa,2001,0,CD,-4.038333,21.758664
214,Congo,Africa,2005,0,CD,-4.038333,21.758664
215,Congo,Africa,1990,2,CD,-4.038333,21.758664
216,Congo,Africa,2002,0,CD,-4.038333,21.758664
217,Congo,Africa,2004,0,CD,-4.038333,21.758664
218,Congo,Africa,2007,0,CD,-4.038333,21.758664
219,Congo,Africa,2008,0,CD,-4.038333,21.758664
220,Congo,Africa,1991,1,CD,-4.038333,21.758664
221,Congo,Africa,1992,0,CD,-4.038333,21.758664
222,Congo,Africa,1998,0,CD,-4.038333,21.758664
223,Congo,Africa,1999,0,CD,-4.038333,21.758664
224,Congo,Africa,2012,0,CD,-4.038333,21.758664
225,Congo,Africa,2013,0,CD,-4.038333,21.758664
226,Congo,Africa,2003,0,CD,-4.038333,21.758664
227,Congo,Africa,1993,1,CD,-4.038333,21.758664
228,Congo,Africa,2014,0,CD,-4.038333,21.758664
229,Congo,Africa,2015,0,CD,-4.038333,21.758664
230,Congo,Africa,2016,0,CD,-4.038333,21.758664
231,Congo,Africa,2010,0,CD,-4.038333,21.758664
232,Congo,Africa,1994,1,CD,-4.038333,21.758664
233,Congo,Africa,1995,19,CD,-4.038333,21.758664
234,Congo,Africa,2009,0,CD,-4.038333,21.758664
235,Congo,Africa,1996,13,CD,-4.038333,21.758664
236,Congo,Africa,2011,0,CD,-4.038333,21.758664
237,Congo,Africa,2018,0,CD,-4.038333,21.758664
238,Congo,Africa,2019,0,CD,-4.038333,21.758664
239,Congo,Africa,2017,0,CD,-4.038333,21.758664
240,Congo,Africa,1997,3,CD,-4.038333,21.758664
241,Costa Rica,Americas,2014,1209,CR,9.748917,-83.753428
242,Costa Rica,Americas,2009,1236,CR,9.748917,-83.753428
243,Costa Rica,Americas,2010,1200,CR,9.748917,-83.753428
244,Costa Rica,Americas,2011,1243,CR,9.748917,-83.753428
245,Costa Rica,Americas,2015,1128,CR,9.748917,-83.753428
246,Costa Rica,Americas,2016,1007,CR,9.748917,-83.753428
247,Costa Rica,Americas,2017,987,CR,9.748917,-83.753428
248,Costa Rica,Americas,2012,1374,CR,9.748917,-83.753428
249,Costa Rica,Americas,2007,1364,CR,9.748917,-83.753428
250,Costa Rica,Americas,2008,1440,CR,9.748917,-83.753428
251,Costa Rica,Americas,1994,2105,CR,9.748917,-83.753428
252,Costa Rica,Americas,1995,2067,CR,9.748917,-83.753428
253,Costa Rica,Americas,1996,2430,CR,9.748917,-83.753428
254,Costa Rica,Americas,2013,1344,CR,9.748917,-83.753428
255,Costa Rica,Americas,1998,2045,CR,9.748917,-83.753428
256,Costa Rica,Americas,1999,2195,CR,9.748917,-83.753428
257,Costa Rica,Americas,2000,1965,CR,9.748917,-83.753428
258,Costa Rica,Americas,2018,1208,CR,9.748917,-83.753428
259,Costa Rica,Americas,2019,1039,CR,9.748917,-83.753428
260,Costa Rica,Americas,1990,2266,CR,9.748917,-83.753428
261,Costa Rica,Americas,1991,2400,CR,9.748917,-83.753428
262,Costa Rica,Americas,1992,2431,CR,9.748917,-83.753428
263,Costa Rica,Americas,1993,2364,CR,9.748917,-83.753428
264,Costa Rica,Americas,2002,1784,CR,9.748917,-83.753428
265,Costa Rica,Americas,2003,1702,CR,9.748917,-83.753428
266,Costa Rica,Americas,2004,1424,CR,9.748917,-83.753428
267,Costa Rica,Americas,1997,2099,CR,9.748917,-83.753428
268,Costa Rica,Americas,2006,1310,CR,9.748917,-83.753428
269,Costa Rica,Americas,2001,2018,CR,9.748917,-83.753428
270,Costa Rica,Americas,2005,1480,CR,9.748917,-83.753428
271,Côte d'Ivoire,Africa,1996,2751,NA,NA,NA
272,Côte d'Ivoire,Africa,1997,4713,NA,NA,NA
273,Côte d'Ivoire,Africa,1998,4365,NA,NA,NA
274,Côte d'Ivoire,Africa,1999,2406,NA,NA,NA
275,Côte d'Ivoire,Africa,2000,6110,NA,NA,NA
276,Côte d'Ivoire,Africa,1990,4283,NA,NA,NA
277,Côte d'Ivoire,Africa,1991,3805,NA,NA,NA
278,Côte d'Ivoire,Africa,1992,4546,NA,NA,NA
279,Côte d'Ivoire,Africa,1993,4033,NA,NA,NA
280,Côte d'Ivoire,Africa,1994,2444,NA,NA,NA
281,Côte d'Ivoire,Africa,1995,2494,NA,NA,NA
282,Côte d'Ivoire,Africa,2009,1807,NA,NA,NA
283,Côte d'Ivoire,Africa,2010,1912,NA,NA,NA
284,Côte d'Ivoire,Africa,2011,772,NA,NA,NA
285,Côte d'Ivoire,Africa,2012,1712,NA,NA,NA
286,Côte d'Ivoire,Africa,2013,1962,NA,NA,NA
287,Côte d'Ivoire,Africa,2001,4095,NA,NA,NA
288,Côte d'Ivoire,Africa,2002,3253,NA,NA,NA
289,Côte d'Ivoire,Africa,2003,2647,NA,NA,NA
290,Côte d'Ivoire,Africa,2004,2573,NA,NA,NA
291,Côte d'Ivoire,Africa,2005,1754,NA,NA,NA
292,Côte d'Ivoire,Africa,2006,1751,NA,NA,NA
293,Côte d'Ivoire,Africa,2007,2196,NA,NA,NA
294,Côte d'Ivoire,Africa,2008,1490,NA,NA,NA
295,Côte d'Ivoire,Africa,2014,1489,NA,NA,NA
296,Côte d'Ivoire,Africa,2015,1418,NA,NA,NA
297,Côte d'Ivoire,Africa,2016,1432,NA,NA,NA
298,Côte d'Ivoire,Africa,2017,855,NA,NA,NA
299,Côte d'Ivoire,Africa,2018,1522,NA,NA,NA
300,Côte d'Ivoire,Africa,2019,2104,NA,NA,NA
301,Cuba,Americas,1991,121,CU,21.521757,-77.781167
302,Cuba,Americas,1992,163,CU,21.521757,-77.781167
303,Cuba,Americas,1990,182,CU,21.521757,-77.781167
304,Cuba,Americas,1996,112,CU,21.521757,-77.781167
305,Cuba,Americas,1997,107,CU,21.521757,-77.781167
306,Cuba,Americas,1995,122,CU,21.521757,-77.781167
307,Cuba,Americas,2003,50,CU,21.521757,-77.781167
308,Cuba,Americas,2004,25,CU,21.521757,-77.781167
309,Cuba,Americas,2005,24,CU,21.521757,-77.781167
310,Cuba,Americas,1993,116,CU,21.521757,-77.781167
311,Cuba,Americas,1994,136,CU,21.521757,-77.781167
312,Cuba,Americas,2007,16,CU,21.521757,-77.781167
313,Cuba,Americas,2008,4,CU,21.521757,-77.781167
314,Cuba,Americas,2009,7,CU,21.521757,-77.781167
315,Cuba,Americas,1998,152,CU,21.521757,-77.781167
316,Cuba,Americas,1999,77,CU,21.521757,-77.781167
317,Cuba,Americas,2000,113,CU,21.521757,-77.781167
318,Cuba,Americas,2001,109,CU,21.521757,-77.781167
319,Cuba,Americas,2002,57,CU,21.521757,-77.781167
320,Cuba,Americas,2015,13,CU,21.521757,-77.781167
321,Cuba,Americas,2016,15,CU,21.521757,-77.781167
322,Cuba,Americas,2017,15,CU,21.521757,-77.781167
323,Cuba,Americas,2018,33,CU,21.521757,-77.781167
324,Cuba,Americas,2006,16,CU,21.521757,-77.781167
325,Cuba,Americas,2011,10,CU,21.521757,-77.781167
326,Cuba,Americas,2012,15,CU,21.521757,-77.781167
327,Cuba,Americas,2013,12,CU,21.521757,-77.781167
328,Cuba,Americas,2010,5,CU,21.521757,-77.781167
329,Cuba,Americas,2019,22,CU,21.521757,-77.781167
330,Cuba,Americas,2014,13,CU,21.521757,-77.781167
331,Democratic Republic of Congo,Africa,2006,138,CG,-0.228021,15.827659
332,Democratic Republic of Congo,Africa,2007,200,CG,-0.228021,15.827659
333,Democratic Republic of Congo,Africa,2005,158,CG,-0.228021,15.827659
334,Democratic Republic of Congo,Africa,2000,281,CG,-0.228021,15.827659
335,Democratic Republic of Congo,Africa,2001,133,CG,-0.228021,15.827659
336,Democratic Republic of Congo,Africa,2002,179,CG,-0.228021,15.827659
337,Democratic Republic of Congo,Africa,1999,487,CG,-0.228021,15.827659
338,Democratic Republic of Congo,Africa,2004,253,CG,-0.228021,15.827659
339,Democratic Republic of Congo,Africa,1991,1418,CG,-0.228021,15.827659
340,Democratic Republic of Congo,Africa,1992,954,CG,-0.228021,15.827659
341,Democratic Republic of Congo,Africa,1993,920,CG,-0.228021,15.827659
342,Democratic Republic of Congo,Africa,1994,761,CG,-0.228021,15.827659
343,Democratic Republic of Congo,Africa,1995,1051,CG,-0.228021,15.827659
344,Democratic Republic of Congo,Africa,2008,203,CG,-0.228021,15.827659
345,Democratic Republic of Congo,Africa,2009,161,CG,-0.228021,15.827659
346,Democratic Republic of Congo,Africa,2010,162,CG,-0.228021,15.827659
347,Democratic Republic of Congo,Africa,2011,132,CG,-0.228021,15.827659
348,Democratic Republic of Congo,Africa,2012,146,CG,-0.228021,15.827659
349,Democratic Republic of Congo,Africa,2013,140,CG,-0.228021,15.827659
350,Democratic Republic of Congo,Africa,2003,212,CG,-0.228021,15.827659
351,Democratic Republic of Congo,Africa,1990,1839,CG,-0.228021,15.827659
352,Democratic Republic of Congo,Africa,2014,151,CG,-0.228021,15.827659
353,Democratic Republic of Congo,Africa,2015,128,CG,-0.228021,15.827659
354,Democratic Republic of Congo,Africa,2016,171,CG,-0.228021,15.827659
355,Democratic Republic of Congo,Africa,2017,89,CG,-0.228021,15.827659
356,Democratic Republic of Congo,Africa,2018,188,CG,-0.228021,15.827659
357,Democratic Republic of Congo,Africa,1996,882,CG,-0.228021,15.827659
358,Democratic Republic of Congo,Africa,1997,544,CG,-0.228021,15.827659
359,Democratic Republic of Congo,Africa,1998,640,CG,-0.228021,15.827659
360,Democratic Republic of Congo,Africa,2019,205,CG,-0.228021,15.827659
361,Dominican Republic,Americas,2008,82,DO,18.735693,-70.162651
362,Dominican Republic,Americas,2009,102,DO,18.735693,-70.162651
363,Dominican Republic,Americas,2011,89,DO,18.735693,-70.162651
364,Dominican Republic,Americas,2012,137,DO,18.735693,-70.162651
365,Dominican Republic,Americas,2015,19,DO,18.735693,-70.162651
366,Dominican Republic,Americas,2010,41,DO,18.735693,-70.162651
367,Dominican Republic,Americas,2017,24,DO,18.735693,-70.162651
368,Dominican Republic,Americas,2018,32,DO,18.735693,-70.162651
369,Dominican Republic,Americas,2019,27,DO,18.735693,-70.162651
370,Dominican Republic,Americas,2016,19,DO,18.735693,-70.162651
371,Dominican Republic,Americas,1990,535,DO,18.735693,-70.162651
372,Dominican Republic,Americas,1991,476,DO,18.735693,-70.162651
373,Dominican Republic,Americas,1992,369,DO,18.735693,-70.162651
374,Dominican Republic,Americas,1993,331,DO,18.735693,-70.162651
375,Dominican Republic,Americas,1994,332,DO,18.735693,-70.162651
376,Dominican Republic,Americas,1995,451,DO,18.735693,-70.162651
377,Dominican Republic,Americas,1996,453,DO,18.735693,-70.162651
378,Dominican Republic,Americas,2013,65,DO,18.735693,-70.162651
379,Dominican Republic,Americas,2014,45,DO,18.735693,-70.162651
380,Dominican Republic,Americas,1999,161,DO,18.735693,-70.162651
381,Dominican Republic,Americas,2000,155,DO,18.735693,-70.162651
382,Dominican Republic,Americas,2001,97,DO,18.735693,-70.162651
383,Dominican Republic,Americas,2002,117,DO,18.735693,-70.162651
384,Dominican Republic,Americas,2003,151,DO,18.735693,-70.162651
385,Dominican Republic,Americas,2004,46,DO,18.735693,-70.162651
386,Dominican Republic,Americas,2005,42,DO,18.735693,-70.162651
387,Dominican Republic,Americas,2006,125,DO,18.735693,-70.162651
388,Dominican Republic,Americas,2007,78,DO,18.735693,-70.162651
389,Dominican Republic,Americas,1997,307,DO,18.735693,-70.162651
390,Dominican Republic,Americas,1998,360,DO,18.735693,-70.162651
391,Ecuador,Americas,1995,1540,EC,-1.831239,-78.183406
392,Ecuador,Americas,1996,1539,EC,-1.831239,-78.183406
393,Ecuador,Americas,1998,1056,EC,-1.831239,-78.183406
394,Ecuador,Americas,1999,988,EC,-1.831239,-78.183406
395,Ecuador,Americas,2000,697,EC,-1.831239,-78.183406
396,Ecuador,Americas,2001,756,EC,-1.831239,-78.183406
397,Ecuador,Americas,1990,1784,EC,-1.831239,-78.183406
398,Ecuador,Americas,1991,1416,EC,-1.831239,-78.183406
399,Ecuador,Americas,1992,1273,EC,-1.831239,-78.183406
400,Ecuador,Americas,1993,1599,EC,-1.831239,-78.183406
401,Ecuador,Americas,1994,2145,EC,-1.831239,-78.183406
402,Ecuador,Americas,2007,991,EC,-1.831239,-78.183406
403,Ecuador,Americas,2008,868,EC,-1.831239,-78.183406
404,Ecuador,Americas,2009,1086,EC,-1.831239,-78.183406
405,Ecuador,Americas,1997,1045,EC,-1.831239,-78.183406
406,Ecuador,Americas,2011,1532,EC,-1.831239,-78.183406
407,Ecuador,Americas,2012,1580,EC,-1.831239,-78.183406
408,Ecuador,Americas,2013,1262,EC,-1.831239,-78.183406
409,Ecuador,Americas,2014,1129,EC,-1.831239,-78.183406
410,Ecuador,Americas,2002,565,EC,-1.831239,-78.183406
411,Ecuador,Americas,2003,621,EC,-1.831239,-78.183406
412,Ecuador,Americas,2004,704,EC,-1.831239,-78.183406
413,Ecuador,Americas,2005,993,EC,-1.831239,-78.183406
414,Ecuador,Americas,2006,1015,EC,-1.831239,-78.183406
415,Ecuador,Americas,2015,869,EC,-1.831239,-78.183406
416,Ecuador,Americas,2016,923,EC,-1.831239,-78.183406
417,Ecuador,Americas,2017,695,EC,-1.831239,-78.183406
418,Ecuador,Americas,2010,1202,EC,-1.831239,-78.183406
419,Ecuador,Americas,2019,506,EC,-1.831239,-78.183406
420,Ecuador,Americas,2018,483,EC,-1.831239,-78.183406
421,El Salvador,Americas,1992,2120,SV,13.794185,-88.89653
422,El Salvador,Americas,1993,2947,SV,13.794185,-88.89653
423,El Salvador,Americas,1991,2148,SV,13.794185,-88.89653
424,El Salvador,Americas,1997,2772,SV,13.794185,-88.89653
425,El Salvador,Americas,1998,1684,SV,13.794185,-88.89653
426,El Salvador,Americas,1999,1890,SV,13.794185,-88.89653
427,El Salvador,Americas,1996,2314,SV,13.794185,-88.89653
428,El Salvador,Americas,2004,1328,SV,13.794185,-88.89653
429,El Salvador,Americas,2005,1280,SV,13.794185,-88.89653
430,El Salvador,Americas,2006,1293,SV,13.794185,-88.89653
431,El Salvador,Americas,1994,2093,SV,13.794185,-88.89653
432,El Salvador,Americas,1995,1807,SV,13.794185,-88.89653
433,El Salvador,Americas,2008,1438,SV,13.794185,-88.89653
434,El Salvador,Americas,2009,1309,SV,13.794185,-88.89653
435,El Salvador,Americas,2010,1082,SV,13.794185,-88.89653
436,El Salvador,Americas,2011,1826,SV,13.794185,-88.89653
437,El Salvador,Americas,2000,2537,SV,13.794185,-88.89653
438,El Salvador,Americas,2001,1533,SV,13.794185,-88.89653
439,El Salvador,Americas,2002,1533,SV,13.794185,-88.89653
440,El Salvador,Americas,2003,1304,SV,13.794185,-88.89653
441,El Salvador,Americas,1990,2510,SV,13.794185,-88.89653
442,El Salvador,Americas,2017,527,SV,13.794185,-88.89653
443,El Salvador,Americas,2018,571,SV,13.794185,-88.89653
444,El Salvador,Americas,2019,546,SV,13.794185,-88.89653
445,El Salvador,Americas,2007,1210,SV,13.794185,-88.89653
446,El Salvador,Americas,2012,1044,SV,13.794185,-88.89653
447,El Salvador,Americas,2013,1103,SV,13.794185,-88.89653
448,El Salvador,Americas,2014,462,SV,13.794185,-88.89653
449,El Salvador,Americas,2015,576,SV,13.794185,-88.89653
450,El Salvador,Americas,2016,496,SV,13.794185,-88.89653
451,Equatorial Guinea,Africa,2007,0,GQ,1.650801,10.267895
452,Equatorial Guinea,Africa,2008,0,GQ,1.650801,10.267895
453,Equatorial Guinea,Africa,2009,0,GQ,1.650801,10.267895
454,Equatorial Guinea,Africa,2006,0,GQ,1.650801,10.267895
455,Equatorial Guinea,Africa,2001,0,GQ,1.650801,10.267895
456,Equatorial Guinea,Africa,2002,0,GQ,1.650801,10.267895
457,Equatorial Guinea,Africa,2003,0,GQ,1.650801,10.267895
458,Equatorial Guinea,Africa,2004,0,GQ,1.650801,10.267895
459,Equatorial Guinea,Africa,2005,0,GQ,1.650801,10.267895
460,Equatorial Guinea,Africa,1992,3,GQ,1.650801,10.267895
461,Equatorial Guinea,Africa,1993,2,GQ,1.650801,10.267895
462,Equatorial Guinea,Africa,1994,1,GQ,1.650801,10.267895
463,Equatorial Guinea,Africa,1995,3,GQ,1.650801,10.267895
464,Equatorial Guinea,Africa,1996,2,GQ,1.650801,10.267895
465,Equatorial Guinea,Africa,2010,0,GQ,1.650801,10.267895
466,Equatorial Guinea,Africa,2011,0,GQ,1.650801,10.267895
467,Equatorial Guinea,Africa,2012,0,GQ,1.650801,10.267895
468,Equatorial Guinea,Africa,2013,0,GQ,1.650801,10.267895
469,Equatorial Guinea,Africa,2014,0,GQ,1.650801,10.267895
470,Equatorial Guinea,Africa,2015,0,GQ,1.650801,10.267895
471,Equatorial Guinea,Africa,1990,7,GQ,1.650801,10.267895
472,Equatorial Guinea,Africa,1991,3,GQ,1.650801,10.267895
473,Equatorial Guinea,Africa,2019,0,GQ,1.650801,10.267895
474,Equatorial Guinea,Africa,2016,0,GQ,1.650801,10.267895
475,Equatorial Guinea,Africa,2017,0,GQ,1.650801,10.267895
476,Equatorial Guinea,Africa,2018,0,GQ,1.650801,10.267895
477,Equatorial Guinea,Africa,2000,0,GQ,1.650801,10.267895
478,Equatorial Guinea,Africa,1997,1,GQ,1.650801,10.267895
479,Equatorial Guinea,Africa,1998,2,GQ,1.650801,10.267895
480,Equatorial Guinea,Africa,1999,1,GQ,1.650801,10.267895
481,Ethiopia,Africa,2016,3001,ET,9.145,40.489673
482,Ethiopia,Africa,2009,1851,ET,9.145,40.489673
483,Ethiopia,Africa,2010,3324,ET,9.145,40.489673
484,Ethiopia,Africa,2011,2675,ET,9.145,40.489673
485,Ethiopia,Africa,2012,3203,ET,9.145,40.489673
486,Ethiopia,Africa,2013,2870,ET,9.145,40.489673
487,Ethiopia,Africa,2017,3773,ET,9.145,40.489673
488,Ethiopia,Africa,2018,3589,ET,9.145,40.489673
489,Ethiopia,Africa,2019,3921,ET,9.145,40.489673
490,Ethiopia,Africa,2002,2055,ET,9.145,40.489673
491,Ethiopia,Africa,1990,1074,ET,9.145,40.489673
492,Ethiopia,Africa,1991,841,ET,9.145,40.489673
493,Ethiopia,Africa,1992,734,ET,9.145,40.489673
494,Ethiopia,Africa,1993,1167,ET,9.145,40.489673
495,Ethiopia,Africa,1994,1475,ET,9.145,40.489673
496,Ethiopia,Africa,1995,1276,ET,9.145,40.489673
497,Ethiopia,Africa,1996,1838,ET,9.145,40.489673
498,Ethiopia,Africa,1997,1980,ET,9.145,40.489673
499,Ethiopia,Africa,1998,1917,ET,9.145,40.489673
500,Ethiopia,Africa,2014,3117,ET,9.145,40.489673
501,Ethiopia,Africa,2015,2985,ET,9.145,40.489673
502,Ethiopia,Africa,2001,1376,ET,9.145,40.489673
503,Ethiopia,Africa,2006,2936,ET,9.145,40.489673
504,Ethiopia,Africa,2003,2229,ET,9.145,40.489673
505,Ethiopia,Africa,2004,2491,ET,9.145,40.489673
506,Ethiopia,Africa,2005,2435,ET,9.145,40.489673
507,Ethiopia,Africa,2007,2604,ET,9.145,40.489673
508,Ethiopia,Africa,2008,2852,ET,9.145,40.489673
509,Ethiopia,Africa,2000,1982,ET,9.145,40.489673
510,Ethiopia,Africa,1999,1818,ET,9.145,40.489673
511,Gabon,Africa,1990,2,GA,-0.803689,11.609444
512,Gabon,Africa,1997,0,GA,-0.803689,11.609444
513,Gabon,Africa,1998,2,GA,-0.803689,11.609444
514,Gabon,Africa,1996,2,GA,-0.803689,11.609444
515,Gabon,Africa,2000,1,GA,-0.803689,11.609444
516,Gabon,Africa,2001,2,GA,-0.803689,11.609444
517,Gabon,Africa,2002,0,GA,-0.803689,11.609444
518,Gabon,Africa,1991,3,GA,-0.803689,11.609444
519,Gabon,Africa,1992,1,GA,-0.803689,11.609444
520,Gabon,Africa,1993,2,GA,-0.803689,11.609444
521,Gabon,Africa,1994,5,GA,-0.803689,11.609444
522,Gabon,Africa,1995,3,GA,-0.803689,11.609444
523,Gabon,Africa,2008,0,GA,-0.803689,11.609444
524,Gabon,Africa,2009,1,GA,-0.803689,11.609444
525,Gabon,Africa,2010,1,GA,-0.803689,11.609444
526,Gabon,Africa,2011,1,GA,-0.803689,11.609444
527,Gabon,Africa,1999,3,GA,-0.803689,11.609444
528,Gabon,Africa,2013,0,GA,-0.803689,11.609444
529,Gabon,Africa,2014,0,GA,-0.803689,11.609444
530,Gabon,Africa,2015,0,GA,-0.803689,11.609444
531,Gabon,Africa,2003,1,GA,-0.803689,11.609444
532,Gabon,Africa,2004,0,GA,-0.803689,11.609444
533,Gabon,Africa,2005,0,GA,-0.803689,11.609444
534,Gabon,Africa,2006,1,GA,-0.803689,11.609444
535,Gabon,Africa,2007,0,GA,-0.803689,11.609444
536,Gabon,Africa,2012,0,GA,-0.803689,11.609444
537,Gabon,Africa,2017,0,GA,-0.803689,11.609444
538,Gabon,Africa,2018,0,GA,-0.803689,11.609444
539,Gabon,Africa,2019,0,GA,-0.803689,11.609444
540,Gabon,Africa,2016,0,GA,-0.803689,11.609444
541,Ghana,Africa,1993,47,GH,7.946527,-1.023194
542,Ghana,Africa,1994,11,GH,7.946527,-1.023194
543,Ghana,Africa,1995,38,GH,7.946527,-1.023194
544,Ghana,Africa,1992,32,GH,7.946527,-1.023194
545,Ghana,Africa,1998,18,GH,7.946527,-1.023194
546,Ghana,Africa,1999,94,GH,7.946527,-1.023194
547,Ghana,Africa,2000,91,GH,7.946527,-1.023194
548,Ghana,Africa,2004,22,GH,7.946527,-1.023194
549,Ghana,Africa,2005,18,GH,7.946527,-1.023194
550,Ghana,Africa,2006,9,GH,7.946527,-1.023194
551,Ghana,Africa,2007,22,GH,7.946527,-1.023194
552,Ghana,Africa,2008,36,GH,7.946527,-1.023194
553,Ghana,Africa,1996,4,GH,7.946527,-1.023194
554,Ghana,Africa,1997,30,GH,7.946527,-1.023194
555,Ghana,Africa,2010,7,GH,7.946527,-1.023194
556,Ghana,Africa,2011,72,GH,7.946527,-1.023194
557,Ghana,Africa,2012,30,GH,7.946527,-1.023194
558,Ghana,Africa,2001,57,GH,7.946527,-1.023194
559,Ghana,Africa,2002,25,GH,7.946527,-1.023194
560,Ghana,Africa,2003,25,GH,7.946527,-1.023194
561,Ghana,Africa,1990,11,GH,7.946527,-1.023194
562,Ghana,Africa,1991,16,GH,7.946527,-1.023194
563,Ghana,Africa,2018,12,GH,7.946527,-1.023194
564,Ghana,Africa,2019,10,GH,7.946527,-1.023194
565,Ghana,Africa,2015,40,GH,7.946527,-1.023194
566,Ghana,Africa,2016,27,GH,7.946527,-1.023194
567,Ghana,Africa,2009,24,GH,7.946527,-1.023194
568,Ghana,Africa,2014,26,GH,7.946527,-1.023194
569,Ghana,Africa,2013,23,GH,7.946527,-1.023194
570,Ghana,Africa,2017,17,GH,7.946527,-1.023194
571,Guatemala,Americas,2004,3310,GT,15.783471,-90.230759
572,Guatemala,Americas,2005,3466,GT,15.783471,-90.230759
573,Guatemala,Americas,2008,3778,GT,15.783471,-90.230759
574,Guatemala,Americas,2009,3493,GT,15.783471,-90.230759
575,Guatemala,Americas,2010,3468,GT,15.783471,-90.230759
576,Guatemala,Americas,2002,3491,GT,15.783471,-90.230759
577,Guatemala,Americas,2003,3821,GT,15.783471,-90.230759
578,Guatemala,Americas,2016,2991,GT,15.783471,-90.230759
579,Guatemala,Americas,2017,3383,GT,15.783471,-90.230759
580,Guatemala,Americas,2006,3312,GT,15.783471,-90.230759
581,Guatemala,Americas,2007,3726,GT,15.783471,-90.230759
582,Guatemala,Americas,1994,3274,GT,15.783471,-90.230759
583,Guatemala,Americas,1995,3701,GT,15.783471,-90.230759
584,Guatemala,Americas,1996,3979,GT,15.783471,-90.230759
585,Guatemala,Americas,1997,4244,GT,15.783471,-90.230759
586,Guatemala,Americas,2011,3697,GT,15.783471,-90.230759
587,Guatemala,Americas,2012,3750,GT,15.783471,-90.230759
588,Guatemala,Americas,2013,3575,GT,15.783471,-90.230759
589,Guatemala,Americas,2014,3043,GT,15.783471,-90.230759
590,Guatemala,Americas,2015,2961,GT,15.783471,-90.230759
591,Guatemala,Americas,1990,3240,GT,15.783471,-90.230759
592,Guatemala,Americas,1991,2832,GT,15.783471,-90.230759
593,Guatemala,Americas,1992,3328,GT,15.783471,-90.230759
594,Guatemala,Americas,1993,3751,GT,15.783471,-90.230759
595,Guatemala,Americas,2018,3327,GT,15.783471,-90.230759
596,Guatemala,Americas,2019,3613,GT,15.783471,-90.230759
597,Guatemala,Americas,2000,4852,GT,15.783471,-90.230759
598,Guatemala,Americas,2001,4110,GT,15.783471,-90.230759
599,Guatemala,Americas,1998,3542,GT,15.783471,-90.230759
600,Guatemala,Americas,1999,4681,GT,15.783471,-90.230759
601,Guinea,Africa,1990,122,GN,9.945587,-9.696645
602,Guinea,Africa,1991,61,GN,9.945587,-9.696645
603,Guinea,Africa,2011,385,GN,9.945587,-9.696645
604,Guinea,Africa,2012,377,GN,9.945587,-9.696645
605,Guinea,Africa,2013,134,GN,9.945587,-9.696645
606,Guinea,Africa,2014,24,GN,9.945587,-9.696645
607,Guinea,Africa,2015,152,GN,9.945587,-9.696645
608,Guinea,Africa,2018,157,GN,9.945587,-9.696645
609,Guinea,Africa,2019,69,GN,9.945587,-9.696645
610,Guinea,Africa,2003,355,GN,9.945587,-9.696645
611,Guinea,Africa,2004,296,GN,9.945587,-9.696645
612,Guinea,Africa,1992,58,GN,9.945587,-9.696645
613,Guinea,Africa,1993,15,GN,9.945587,-9.696645
614,Guinea,Africa,1994,50,GN,9.945587,-9.696645
615,Guinea,Africa,1995,152,GN,9.945587,-9.696645
616,Guinea,Africa,1996,32,GN,9.945587,-9.696645
617,Guinea,Africa,1997,114,GN,9.945587,-9.696645
618,Guinea,Africa,1998,228,GN,9.945587,-9.696645
619,Guinea,Africa,1999,301,GN,9.945587,-9.696645
620,Guinea,Africa,2000,292,GN,9.945587,-9.696645
621,Guinea,Africa,2016,250,GN,9.945587,-9.696645
622,Guinea,Africa,2017,216,GN,9.945587,-9.696645
623,Guinea,Africa,2007,436,GN,9.945587,-9.696645
624,Guinea,Africa,2008,208,GN,9.945587,-9.696645
625,Guinea,Africa,2005,279,GN,9.945587,-9.696645
626,Guinea,Africa,2006,519,GN,9.945587,-9.696645
627,Guinea,Africa,2002,136,GN,9.945587,-9.696645
628,Guinea,Africa,2009,439,GN,9.945587,-9.696645
629,Guinea,Africa,2010,406,GN,9.945587,-9.696645
630,Guinea,Africa,2001,356,GN,9.945587,-9.696645
631,Guyana,Americas,1991,0,GY,4.860416,-58.93018
632,Guyana,Americas,1990,0,GY,4.860416,-58.93018
633,Guyana,Americas,1998,0,GY,4.860416,-58.93018
634,Guyana,Americas,1999,1,GY,4.860416,-58.93018
635,Guyana,Americas,1997,0,GY,4.860416,-58.93018
636,Guyana,Americas,2001,1,GY,4.860416,-58.93018
637,Guyana,Americas,2002,1,GY,4.860416,-58.93018
638,Guyana,Americas,2003,1,GY,4.860416,-58.93018
639,Guyana,Americas,1992,1,GY,4.860416,-58.93018
640,Guyana,Americas,1993,0,GY,4.860416,-58.93018
641,Guyana,Americas,1994,0,GY,4.860416,-58.93018
642,Guyana,Americas,1995,0,GY,4.860416,-58.93018
643,Guyana,Americas,1996,0,GY,4.860416,-58.93018
644,Guyana,Americas,2009,1,GY,4.860416,-58.93018
645,Guyana,Americas,2010,1,GY,4.860416,-58.93018
646,Guyana,Americas,2011,1,GY,4.860416,-58.93018
647,Guyana,Americas,2012,2,GY,4.860416,-58.93018
648,Guyana,Americas,2000,1,GY,4.860416,-58.93018
649,Guyana,Americas,2014,13,GY,4.860416,-58.93018
650,Guyana,Americas,2015,2,GY,4.860416,-58.93018
651,Guyana,Americas,2016,2,GY,4.860416,-58.93018
652,Guyana,Americas,2004,1,GY,4.860416,-58.93018
653,Guyana,Americas,2005,1,GY,4.860416,-58.93018
654,Guyana,Americas,2006,2,GY,4.860416,-58.93018
655,Guyana,Americas,2007,2,GY,4.860416,-58.93018
656,Guyana,Americas,2008,2,GY,4.860416,-58.93018
657,Guyana,Americas,2013,1,GY,4.860416,-58.93018
658,Guyana,Americas,2018,1,GY,4.860416,-58.93018
659,Guyana,Americas,2019,1,GY,4.860416,-58.93018
660,Guyana,Americas,2017,1,GY,4.860416,-58.93018
661,Haiti,Americas,1996,156,HT,18.971187,-72.285215
662,Haiti,Americas,1994,103,HT,18.971187,-72.285215
663,Haiti,Americas,1995,152,HT,18.971187,-72.285215
664,Haiti,Americas,2001,87,HT,18.971187,-72.285215
665,Haiti,Americas,1993,159,HT,18.971187,-72.285215
666,Haiti,Americas,1999,72,HT,18.971187,-72.285215
667,Haiti,Americas,2000,73,HT,18.971187,-72.285215
668,Haiti,Americas,2004,32,HT,18.971187,-72.285215
669,Haiti,Americas,2005,25,HT,18.971187,-72.285215
670,Haiti,Americas,2006,24,HT,18.971187,-72.285215
671,Haiti,Americas,2007,21,HT,18.971187,-72.285215
672,Haiti,Americas,2008,17,HT,18.971187,-72.285215
673,Haiti,Americas,2009,16,HT,18.971187,-72.285215
674,Haiti,Americas,1997,101,HT,18.971187,-72.285215
675,Haiti,Americas,1998,127,HT,18.971187,-72.285215
676,Haiti,Americas,2011,9,HT,18.971187,-72.285215
677,Haiti,Americas,2012,11,HT,18.971187,-72.285215
678,Haiti,Americas,2013,8,HT,18.971187,-72.285215
679,Haiti,Americas,2002,41,HT,18.971187,-72.285215
680,Haiti,Americas,2003,37,HT,18.971187,-72.285215
681,Haiti,Americas,1990,191,HT,18.971187,-72.285215
682,Haiti,Americas,1991,151,HT,18.971187,-72.285215
683,Haiti,Americas,1992,166,HT,18.971187,-72.285215
684,Haiti,Americas,2019,2,HT,18.971187,-72.285215
685,Haiti,Americas,2015,3,HT,18.971187,-72.285215
686,Haiti,Americas,2016,1,HT,18.971187,-72.285215
687,Haiti,Americas,2017,2,HT,18.971187,-72.285215
688,Haiti,Americas,2010,9,HT,18.971187,-72.285215
689,Haiti,Americas,2014,3,HT,18.971187,-72.285215
690,Haiti,Americas,2018,2,HT,18.971187,-72.285215
691,Honduras,Americas,2004,2779,HN,15.199999,-86.241905
692,Honduras,Americas,2005,2392,HN,15.199999,-86.241905
693,Honduras,Americas,2006,2898,HN,15.199999,-86.241905
694,Honduras,Americas,2009,3084,HN,15.199999,-86.241905
695,Honduras,Americas,2010,3349,HN,15.199999,-86.241905
696,Honduras,Americas,2011,3947,HN,15.199999,-86.241905
697,Honduras,Americas,2003,2425,HN,15.199999,-86.241905
698,Honduras,Americas,2015,5030,HN,15.199999,-86.241905
699,Honduras,Americas,2016,5306,HN,15.199999,-86.241905
700,Honduras,Americas,2017,7341,HN,15.199999,-86.241905
701,Honduras,Americas,2007,3312,HN,15.199999,-86.241905
702,Honduras,Americas,2008,3259,HN,15.199999,-86.241905
703,Honduras,Americas,1995,1796,HN,15.199999,-86.241905
704,Honduras,Americas,1996,2060,HN,15.199999,-86.241905
705,Honduras,Americas,1997,1722,HN,15.199999,-86.241905
706,Honduras,Americas,1998,2329,HN,15.199999,-86.241905
707,Honduras,Americas,1999,1987,HN,15.199999,-86.241905
708,Honduras,Americas,2012,5508,HN,15.199999,-86.241905
709,Honduras,Americas,2013,4185,HN,15.199999,-86.241905
710,Honduras,Americas,2014,4252,HN,15.199999,-86.241905
711,Honduras,Americas,1990,1735,HN,15.199999,-86.241905
712,Honduras,Americas,1991,1444,HN,15.199999,-86.241905
713,Honduras,Americas,1992,1960,HN,15.199999,-86.241905
714,Honduras,Americas,1993,1705,HN,15.199999,-86.241905
715,Honduras,Americas,1994,1718,HN,15.199999,-86.241905
716,Honduras,Americas,2018,7144,HN,15.199999,-86.241905
717,Honduras,Americas,2019,6765,HN,15.199999,-86.241905
718,Honduras,Americas,2001,2392,HN,15.199999,-86.241905
719,Honduras,Americas,2002,2711,HN,15.199999,-86.241905
720,Honduras,Americas,2000,2879,HN,15.199999,-86.241905
721,India,Asia,1992,1816,IN,20.593684,78.96288
722,India,Asia,1990,1979,IN,20.593684,78.96288
723,India,Asia,1991,1727,IN,20.593684,78.96288
724,India,Asia,2012,5044,IN,20.593684,78.96288
725,India,Asia,2013,5033,IN,20.593684,78.96288
726,India,Asia,2014,5131,IN,20.593684,78.96288
727,India,Asia,2015,5262,IN,20.593684,78.96288
728,India,Asia,2016,6086,IN,20.593684,78.96288
729,India,Asia,2019,6028,IN,20.593684,78.96288
730,India,Asia,2018,5967,IN,20.593684,78.96288
731,India,Asia,2003,3707,IN,20.593684,78.96288
732,India,Asia,2004,3647,IN,20.593684,78.96288
733,India,Asia,2005,2829,IN,20.593684,78.96288
734,India,Asia,1993,2102,IN,20.593684,78.96288
735,India,Asia,1994,2496,IN,20.593684,78.96288
736,India,Asia,1995,2467,IN,20.593684,78.96288
737,India,Asia,1996,3103,IN,20.593684,78.96288
738,India,Asia,1997,2640,IN,20.593684,78.96288
739,India,Asia,1998,3487,IN,20.593684,78.96288
740,India,Asia,1999,3622,IN,20.593684,78.96288
741,India,Asia,2000,4229,IN,20.593684,78.96288
742,India,Asia,2017,6542,IN,20.593684,78.96288
743,India,Asia,2002,3550,IN,20.593684,78.96288
744,India,Asia,2007,3319,IN,20.593684,78.96288
745,India,Asia,2008,3377,IN,20.593684,78.96288
746,India,Asia,2009,3007,IN,20.593684,78.96288
747,India,Asia,2006,3578,IN,20.593684,78.96288
748,India,Asia,2011,5414,IN,20.593684,78.96288
749,India,Asia,2010,4647,IN,20.593684,78.96288
750,India,Asia,2001,3730,IN,20.593684,78.96288
751,Indonesia,Asia,1992,4604,ID,-0.789275,113.921327
752,Indonesia,Asia,1993,5662,ID,-0.789275,113.921327
753,Indonesia,Asia,1991,6171,ID,-0.789275,113.921327
754,Indonesia,Asia,1999,5115,ID,-0.789275,113.921327
755,Indonesia,Asia,2000,5358,ID,-0.789275,113.921327
756,Indonesia,Asia,1990,6903,ID,-0.789275,113.921327
757,Indonesia,Asia,2002,4286,ID,-0.789275,113.921327
758,Indonesia,Asia,2003,4795,ID,-0.789275,113.921327
759,Indonesia,Asia,2004,5456,ID,-0.789275,113.921327
760,Indonesia,Asia,2005,6744,ID,-0.789275,113.921327
761,Indonesia,Asia,1994,4605,ID,-0.789275,113.921327
762,Indonesia,Asia,1995,3947,ID,-0.789275,113.921327
763,Indonesia,Asia,1996,6440,ID,-0.789275,113.921327
764,Indonesia,Asia,1997,5755,ID,-0.789275,113.921327
765,Indonesia,Asia,1998,5598,ID,-0.789275,113.921327
766,Indonesia,Asia,2011,3920,ID,-0.789275,113.921327
767,Indonesia,Asia,2012,8206,ID,-0.789275,113.921327
768,Indonesia,Asia,2013,9255,ID,-0.789275,113.921327
769,Indonesia,Asia,2001,5243,ID,-0.789275,113.921327
770,Indonesia,Asia,2015,8379,ID,-0.789275,113.921327
771,Indonesia,Asia,2016,6545,ID,-0.789275,113.921327
772,Indonesia,Asia,2017,8198,ID,-0.789275,113.921327
773,Indonesia,Asia,2018,4539,ID,-0.789275,113.921327
774,Indonesia,Asia,2006,5280,ID,-0.789275,113.921327
775,Indonesia,Asia,2007,4149,ID,-0.789275,113.921327
776,Indonesia,Asia,2008,5741,ID,-0.789275,113.921327
777,Indonesia,Asia,2009,7907,ID,-0.789275,113.921327
778,Indonesia,Asia,2010,5489,ID,-0.789275,113.921327
779,Indonesia,Asia,2019,6334,ID,-0.789275,113.921327
780,Indonesia,Asia,2014,6175,ID,-0.789275,113.921327
781,Jamaica,Americas,1996,27,JM,18.109581,-77.297508
782,Jamaica,Americas,1997,30,JM,18.109581,-77.297508
783,Jamaica,Americas,1995,26,JM,18.109581,-77.297508
784,Jamaica,Americas,2001,28,JM,18.109581,-77.297508
785,Jamaica,Americas,2002,26,JM,18.109581,-77.297508
786,Jamaica,Americas,2003,25,JM,18.109581,-77.297508
787,Jamaica,Americas,2000,29,JM,18.109581,-77.297508
788,Jamaica,Americas,2004,29,JM,18.109581,-77.297508
789,Jamaica,Americas,2005,15,JM,18.109581,-77.297508
790,Jamaica,Americas,2006,25,JM,18.109581,-77.297508
791,Jamaica,Americas,2007,23,JM,18.109581,-77.297508
792,Jamaica,Americas,2008,21,JM,18.109581,-77.297508
793,Jamaica,Americas,2009,25,JM,18.109581,-77.297508
794,Jamaica,Americas,2010,15,JM,18.109581,-77.297508
795,Jamaica,Americas,1998,17,JM,18.109581,-77.297508
796,Jamaica,Americas,1999,24,JM,18.109581,-77.297508
797,Jamaica,Americas,2012,15,JM,18.109581,-77.297508
798,Jamaica,Americas,2013,15,JM,18.109581,-77.297508
799,Jamaica,Americas,2014,10,JM,18.109581,-77.297508
800,Jamaica,Americas,2015,12,JM,18.109581,-77.297508
801,Jamaica,Americas,1990,15,JM,18.109581,-77.297508
802,Jamaica,Americas,1991,17,JM,18.109581,-77.297508
803,Jamaica,Americas,1992,22,JM,18.109581,-77.297508
804,Jamaica,Americas,1993,24,JM,18.109581,-77.297508
805,Jamaica,Americas,1994,16,JM,18.109581,-77.297508
806,Jamaica,Americas,2016,11,JM,18.109581,-77.297508
807,Jamaica,Americas,2017,10,JM,18.109581,-77.297508
808,Jamaica,Americas,2018,10,JM,18.109581,-77.297508
809,Jamaica,Americas,2011,16,JM,18.109581,-77.297508
810,Jamaica,Americas,2019,9,JM,18.109581,-77.297508
811,Kenya,Africa,2005,673,KE,-0.023559,37.906193
812,Kenya,Africa,2006,597,KE,-0.023559,37.906193
813,Kenya,Africa,2007,817,KE,-0.023559,37.906193
814,Kenya,Africa,2010,531,KE,-0.023559,37.906193
815,Kenya,Africa,2011,609,KE,-0.023559,37.906193
816,Kenya,Africa,2012,803,KE,-0.023559,37.906193
817,Kenya,Africa,2013,815,KE,-0.023559,37.906193
818,Kenya,Africa,2016,727,KE,-0.023559,37.906193
819,Kenya,Africa,2017,710,KE,-0.023559,37.906193
820,Kenya,Africa,2018,753,KE,-0.023559,37.906193
821,Kenya,Africa,2019,836,KE,-0.023559,37.906193
822,Kenya,Africa,2008,608,KE,-0.023559,37.906193
823,Kenya,Africa,2009,525,KE,-0.023559,37.906193
824,Kenya,Africa,1996,1902,KE,-0.023559,37.906193
825,Kenya,Africa,1997,1159,KE,-0.023559,37.906193
826,Kenya,Africa,1998,841,KE,-0.023559,37.906193
827,Kenya,Africa,1999,1114,KE,-0.023559,37.906193
828,Kenya,Africa,2000,1328,KE,-0.023559,37.906193
829,Kenya,Africa,2014,799,KE,-0.023559,37.906193
830,Kenya,Africa,2015,712,KE,-0.023559,37.906193
831,Kenya,Africa,1990,1969,KE,-0.023559,37.906193
832,Kenya,Africa,1991,1558,KE,-0.023559,37.906193
833,Kenya,Africa,1992,1384,KE,-0.023559,37.906193
834,Kenya,Africa,1993,1439,KE,-0.023559,37.906193
835,Kenya,Africa,1994,1358,KE,-0.023559,37.906193
836,Kenya,Africa,1995,1450,KE,-0.023559,37.906193
837,Kenya,Africa,2004,754,KE,-0.023559,37.906193
838,Kenya,Africa,2001,1096,KE,-0.023559,37.906193
839,Kenya,Africa,2002,736,KE,-0.023559,37.906193
840,Kenya,Africa,2003,920,KE,-0.023559,37.906193
841,Lao People's Democratic Republic,Asia,2013,400,NA,NA,NA
842,Lao People's Democratic Republic,Asia,2014,370,NA,NA,NA
843,Lao People's Democratic Republic,Asia,2015,403,NA,NA,NA
844,Lao People's Democratic Republic,Asia,2016,386,NA,NA,NA
845,Lao People's Democratic Republic,Asia,2017,386,NA,NA,NA
846,Lao People's Democratic Republic,Asia,2018,361,NA,NA,NA
847,Lao People's Democratic Republic,Asia,2019,575,NA,NA,NA
848,Lao People's Democratic Republic,Asia,1991,98,NA,NA,NA
849,Lao People's Democratic Republic,Asia,1992,102,NA,NA,NA
850,Lao People's Democratic Republic,Asia,1993,142,NA,NA,NA
851,Lao People's Democratic Republic,Asia,1994,153,NA,NA,NA
852,Lao People's Democratic Republic,Asia,1995,165,NA,NA,NA
853,Lao People's Democratic Republic,Asia,1990,98,NA,NA,NA
854,Lao People's Democratic Republic,Asia,2004,267,NA,NA,NA
855,Lao People's Democratic Republic,Asia,2005,237,NA,NA,NA
856,Lao People's Democratic Republic,Asia,2006,120,NA,NA,NA
857,Lao People's Democratic Republic,Asia,2007,252,NA,NA,NA
858,Lao People's Democratic Republic,Asia,2008,258,NA,NA,NA
859,Lao People's Democratic Republic,Asia,1996,144,NA,NA,NA
860,Lao People's Democratic Republic,Asia,1997,110,NA,NA,NA
861,Lao People's Democratic Republic,Asia,1998,112,NA,NA,NA
862,Lao People's Democratic Republic,Asia,2002,278,NA,NA,NA
863,Lao People's Democratic Republic,Asia,2003,233,NA,NA,NA
864,Lao People's Democratic Republic,Asia,1999,191,NA,NA,NA
865,Lao People's Democratic Republic,Asia,2009,264,NA,NA,NA
866,Lao People's Democratic Republic,Asia,2010,288,NA,NA,NA
867,Lao People's Democratic Republic,Asia,2011,421,NA,NA,NA
868,Lao People's Democratic Republic,Asia,2000,255,NA,NA,NA
869,Lao People's Democratic Republic,Asia,2001,198,NA,NA,NA
870,Lao People's Democratic Republic,Asia,2012,360,NA,NA,NA
871,Liberia,Africa,1990,22,LR,6.428055,-9.429499
872,Liberia,Africa,1991,0,LR,6.428055,-9.429499
873,Liberia,Africa,1992,0,LR,6.428055,-9.429499
874,Liberia,Africa,1993,0,LR,6.428055,-9.429499
875,Liberia,Africa,1994,0,LR,6.428055,-9.429499
876,Liberia,Africa,1998,3,LR,6.428055,-9.429499
877,Liberia,Africa,1999,15,LR,6.428055,-9.429499
878,Liberia,Africa,2000,4,LR,6.428055,-9.429499
879,Liberia,Africa,2001,7,LR,6.428055,-9.429499
880,Liberia,Africa,2002,6,LR,6.428055,-9.429499
881,Liberia,Africa,2003,7,LR,6.428055,-9.429499
882,Liberia,Africa,2004,0,LR,6.428055,-9.429499
883,Liberia,Africa,2005,1,LR,6.428055,-9.429499
884,Liberia,Africa,2006,0,LR,6.428055,-9.429499
885,Liberia,Africa,2007,2,LR,6.428055,-9.429499
886,Liberia,Africa,1995,0,LR,6.428055,-9.429499
887,Liberia,Africa,1996,0,LR,6.428055,-9.429499
888,Liberia,Africa,1997,0,LR,6.428055,-9.429499
889,Liberia,Africa,2011,8,LR,6.428055,-9.429499
890,Liberia,Africa,2012,3,LR,6.428055,-9.429499
891,Liberia,Africa,2013,4,LR,6.428055,-9.429499
892,Liberia,Africa,2014,1,LR,6.428055,-9.429499
893,Liberia,Africa,2015,4,LR,6.428055,-9.429499
894,Liberia,Africa,2016,3,LR,6.428055,-9.429499
895,Liberia,Africa,2017,11,LR,6.428055,-9.429499
896,Liberia,Africa,2018,8,LR,6.428055,-9.429499
897,Liberia,Africa,2019,1,LR,6.428055,-9.429499
898,Liberia,Africa,2008,2,LR,6.428055,-9.429499
899,Liberia,Africa,2009,9,LR,6.428055,-9.429499
900,Liberia,Africa,2010,7,LR,6.428055,-9.429499
901,Madagascar,Africa,2004,127,MG,-18.766947,46.869107
902,Madagascar,Africa,1995,585,MG,-18.766947,46.869107
903,Madagascar,Africa,1996,718,MG,-18.766947,46.869107
904,Madagascar,Africa,1997,480,MG,-18.766947,46.869107
905,Madagascar,Africa,1998,796,MG,-18.766947,46.869107
906,Madagascar,Africa,1999,464,MG,-18.766947,46.869107
907,Madagascar,Africa,2000,216,MG,-18.766947,46.869107
908,Madagascar,Africa,2001,87,MG,-18.766947,46.869107
909,Madagascar,Africa,2002,145,MG,-18.766947,46.869107
910,Madagascar,Africa,2003,119,MG,-18.766947,46.869107
911,Madagascar,Africa,1990,863,MG,-18.766947,46.869107
912,Madagascar,Africa,1991,588,MG,-18.766947,46.869107
913,Madagascar,Africa,1992,736,MG,-18.766947,46.869107
914,Madagascar,Africa,1993,628,MG,-18.766947,46.869107
915,Madagascar,Africa,1994,436,MG,-18.766947,46.869107
916,Madagascar,Africa,2008,196,MG,-18.766947,46.869107
917,Madagascar,Africa,2009,40,MG,-18.766947,46.869107
918,Madagascar,Africa,2010,74,MG,-18.766947,46.869107
919,Madagascar,Africa,2011,144,MG,-18.766947,46.869107
920,Madagascar,Africa,2012,79,MG,-18.766947,46.869107
921,Madagascar,Africa,2013,166,MG,-18.766947,46.869107
922,Madagascar,Africa,2014,138,MG,-18.766947,46.869107
923,Madagascar,Africa,2015,59,MG,-18.766947,46.869107
924,Madagascar,Africa,2016,76,MG,-18.766947,46.869107
925,Madagascar,Africa,2017,58,MG,-18.766947,46.869107
926,Madagascar,Africa,2005,96,MG,-18.766947,46.869107
927,Madagascar,Africa,2006,179,MG,-18.766947,46.869107
928,Madagascar,Africa,2007,99,MG,-18.766947,46.869107
929,Madagascar,Africa,2018,6,MG,-18.766947,46.869107
930,Madagascar,Africa,2019,4,MG,-18.766947,46.869107
931,Malawi,Africa,2005,21,MW,-13.254308,34.301525
932,Malawi,Africa,2006,17,MW,-13.254308,34.301525
933,Malawi,Africa,2009,18,MW,-13.254308,34.301525
934,Malawi,Africa,2010,8,MW,-13.254308,34.301525
935,Malawi,Africa,2007,19,MW,-13.254308,34.301525
936,Malawi,Africa,2008,21,MW,-13.254308,34.301525
937,Malawi,Africa,2013,29,MW,-13.254308,34.301525
938,Malawi,Africa,2014,26,MW,-13.254308,34.301525
939,Malawi,Africa,2011,26,MW,-13.254308,34.301525
940,Malawi,Africa,2012,20,MW,-13.254308,34.301525
941,Malawi,Africa,1990,124,MW,-13.254308,34.301525
942,Malawi,Africa,1991,100,MW,-13.254308,34.301525
943,Malawi,Africa,1992,128,MW,-13.254308,34.301525
944,Malawi,Africa,1993,104,MW,-13.254308,34.301525
945,Malawi,Africa,1994,78,MW,-13.254308,34.301525
946,Malawi,Africa,1995,92,MW,-13.254308,34.301525
947,Malawi,Africa,1996,60,MW,-13.254308,34.301525
948,Malawi,Africa,1997,60,MW,-13.254308,34.301525
949,Malawi,Africa,1998,59,MW,-13.254308,34.301525
950,Malawi,Africa,1999,54,MW,-13.254308,34.301525
951,Malawi,Africa,2000,61,MW,-13.254308,34.301525
952,Malawi,Africa,2001,64,MW,-13.254308,34.301525
953,Malawi,Africa,2002,44,MW,-13.254308,34.301525
954,Malawi,Africa,2003,49,MW,-13.254308,34.301525
955,Malawi,Africa,2004,26,MW,-13.254308,34.301525
956,Malawi,Africa,2017,13,MW,-13.254308,34.301525
957,Malawi,Africa,2018,12,MW,-13.254308,34.301525
958,Malawi,Africa,2019,16,MW,-13.254308,34.301525
959,Malawi,Africa,2015,18,MW,-13.254308,34.301525
960,Malawi,Africa,2016,22,MW,-13.254308,34.301525
961,Mexico,Americas,1992,3332,MX,23.634501,-102.552784
962,Mexico,Americas,1993,3264,MX,23.634501,-102.552784
963,Mexico,Americas,2018,2888,MX,23.634501,-102.552784
964,Mexico,Americas,2019,2627,MX,23.634501,-102.552784
965,Mexico,Americas,1996,4633,MX,23.634501,-102.552784
966,Mexico,Americas,1997,4502,MX,23.634501,-102.552784
967,Mexico,Americas,1994,2789,MX,23.634501,-102.552784
968,Mexico,Americas,1995,3626,MX,23.634501,-102.552784
969,Mexico,Americas,2015,2458,MX,23.634501,-102.552784
970,Mexico,Americas,2016,2233,MX,23.634501,-102.552784
971,Mexico,Americas,2017,2911,MX,23.634501,-102.552784
972,Mexico,Americas,1990,3683,MX,23.634501,-102.552784
973,Mexico,Americas,1991,3531,MX,23.634501,-102.552784
974,Mexico,Americas,2005,1985,MX,23.634501,-102.552784
975,Mexico,Americas,2006,2570,MX,23.634501,-102.552784
976,Mexico,Americas,2007,2912,MX,23.634501,-102.552784
977,Mexico,Americas,2008,2448,MX,23.634501,-102.552784
978,Mexico,Americas,2009,2838,MX,23.634501,-102.552784
979,Mexico,Americas,2010,2498,MX,23.634501,-102.552784
980,Mexico,Americas,1998,3399,MX,23.634501,-102.552784
981,Mexico,Americas,1999,4358,MX,23.634501,-102.552784
982,Mexico,Americas,2000,5304,MX,23.634501,-102.552784
983,Mexico,Americas,2001,3333,MX,23.634501,-102.552784
984,Mexico,Americas,2002,2645,MX,23.634501,-102.552784
985,Mexico,Americas,2003,2596,MX,23.634501,-102.552784
986,Mexico,Americas,2004,2362,MX,23.634501,-102.552784
987,Mexico,Americas,2013,3132,MX,23.634501,-102.552784
988,Mexico,Americas,2014,2480,MX,23.634501,-102.552784
989,Mexico,Americas,2011,2907,MX,23.634501,-102.552784
990,Mexico,Americas,2012,3556,MX,23.634501,-102.552784
991,Nepal,Asia,1990,0,NP,28.394857,84.124008
992,Nepal,Asia,1991,0,NP,28.394857,84.124008
993,Nepal,Asia,1992,0,NP,28.394857,84.124008
994,Nepal,Asia,1993,0,NP,28.394857,84.124008
995,Nepal,Asia,1994,0,NP,28.394857,84.124008
996,Nepal,Asia,1995,0,NP,28.394857,84.124008
997,Nepal,Asia,1999,0,NP,28.394857,84.124008
998,Nepal,Asia,2000,0,NP,28.394857,84.124008
999,Nepal,Asia,2001,0,NP,28.394857,84.124008
1000,Nepal,Asia,2002,0,NP,28.394857,84.124008
1001,Nepal,Asia,2003,2,NP,28.394857,84.124008
1002,Nepal,Asia,2004,1,NP,28.394857,84.124008
1003,Nepal,Asia,2005,1,NP,28.394857,84.124008
1004,Nepal,Asia,2006,1,NP,28.394857,84.124008
1005,Nepal,Asia,2007,2,NP,28.394857,84.124008
1006,Nepal,Asia,2008,1,NP,28.394857,84.124008
1007,Nepal,Asia,1996,0,NP,28.394857,84.124008
1008,Nepal,Asia,1997,0,NP,28.394857,84.124008
1009,Nepal,Asia,1998,0,NP,28.394857,84.124008
1010,Nepal,Asia,2012,1,NP,28.394857,84.124008
1011,Nepal,Asia,2013,1,NP,28.394857,84.124008
1012,Nepal,Asia,2014,1,NP,28.394857,84.124008
1013,Nepal,Asia,2015,2,NP,28.394857,84.124008
1014,Nepal,Asia,2016,2,NP,28.394857,84.124008
1015,Nepal,Asia,2017,1,NP,28.394857,84.124008
1016,Nepal,Asia,2018,2,NP,28.394857,84.124008
1017,Nepal,Asia,2019,1,NP,28.394857,84.124008
1018,Nepal,Asia,2011,4,NP,28.394857,84.124008
1019,Nepal,Asia,2009,2,NP,28.394857,84.124008
1020,Nepal,Asia,2010,1,NP,28.394857,84.124008
1021,Nicaragua,Americas,2005,1003,NI,12.865416,-85.207229
1022,Nicaragua,Americas,2004,1311,NI,12.865416,-85.207229
1023,Nicaragua,Americas,1996,822,NI,12.865416,-85.207229
1024,Nicaragua,Americas,1997,714,NI,12.865416,-85.207229
1025,Nicaragua,Americas,1998,941,NI,12.865416,-85.207229
1026,Nicaragua,Americas,1999,984,NI,12.865416,-85.207229
1027,Nicaragua,Americas,2000,1367,NI,12.865416,-85.207229
1028,Nicaragua,Americas,2001,1365,NI,12.865416,-85.207229
1029,Nicaragua,Americas,2002,955,NI,12.865416,-85.207229
1030,Nicaragua,Americas,2003,1013,NI,12.865416,-85.207229
1031,Nicaragua,Americas,1990,671,NI,12.865416,-85.207229
1032,Nicaragua,Americas,1991,392,NI,12.865416,-85.207229
1033,Nicaragua,Americas,1992,636,NI,12.865416,-85.207229
1034,Nicaragua,Americas,1993,476,NI,12.865416,-85.207229
1035,Nicaragua,Americas,1994,624,NI,12.865416,-85.207229
1036,Nicaragua,Americas,1995,681,NI,12.865416,-85.207229
1037,Nicaragua,Americas,2009,1374,NI,12.865416,-85.207229
1038,Nicaragua,Americas,2010,1712,NI,12.865416,-85.207229
1039,Nicaragua,Americas,2011,1468,NI,12.865416,-85.207229
1040,Nicaragua,Americas,2012,1987,NI,12.865416,-85.207229
1041,Nicaragua,Americas,2013,1661,NI,12.865416,-85.207229
1042,Nicaragua,Americas,2014,1901,NI,12.865416,-85.207229
1043,Nicaragua,Americas,2015,1753,NI,12.865416,-85.207229
1044,Nicaragua,Americas,2016,1963,NI,12.865416,-85.207229
1045,Nicaragua,Americas,2017,2449,NI,12.865416,-85.207229
1046,Nicaragua,Americas,2018,2300,NI,12.865416,-85.207229
1047,Nicaragua,Americas,2006,1445,NI,12.865416,-85.207229
1048,Nicaragua,Americas,2007,1259,NI,12.865416,-85.207229
1049,Nicaragua,Americas,2008,1625,NI,12.865416,-85.207229
1050,Nicaragua,Americas,2019,2954,NI,12.865416,-85.207229
1051,Nigeria,Africa,2006,28,NG,9.081999,8.675277
1052,Nigeria,Africa,2007,9,NG,9.081999,8.675277
1053,Nigeria,Africa,2009,1,NG,9.081999,8.675277
1054,Nigeria,Africa,2010,3,NG,9.081999,8.675277
1055,Nigeria,Africa,2011,7,NG,9.081999,8.675277
1056,Nigeria,Africa,2008,2,NG,9.081999,8.675277
1057,Nigeria,Africa,2013,1,NG,9.081999,8.675277
1058,Nigeria,Africa,2014,1,NG,9.081999,8.675277
1059,Nigeria,Africa,2015,3,NG,9.081999,8.675277
1060,Nigeria,Africa,2012,2,NG,9.081999,8.675277
1061,Nigeria,Africa,1990,4,NG,9.081999,8.675277
1062,Nigeria,Africa,1991,1,NG,9.081999,8.675277
1063,Nigeria,Africa,1992,11,NG,9.081999,8.675277
1064,Nigeria,Africa,1993,10,NG,9.081999,8.675277
1065,Nigeria,Africa,1994,8,NG,9.081999,8.675277
1066,Nigeria,Africa,1995,15,NG,9.081999,8.675277
1067,Nigeria,Africa,1996,7,NG,9.081999,8.675277
1068,Nigeria,Africa,1997,7,NG,9.081999,8.675277
1069,Nigeria,Africa,1998,10,NG,9.081999,8.675277
1070,Nigeria,Africa,1999,9,NG,9.081999,8.675277
1071,Nigeria,Africa,2000,7,NG,9.081999,8.675277
1072,Nigeria,Africa,2001,7,NG,9.081999,8.675277
1073,Nigeria,Africa,2002,5,NG,9.081999,8.675277
1074,Nigeria,Africa,2003,9,NG,9.081999,8.675277
1075,Nigeria,Africa,2004,6,NG,9.081999,8.675277
1076,Nigeria,Africa,2005,8,NG,9.081999,8.675277
1077,Nigeria,Africa,2017,3,NG,9.081999,8.675277
1078,Nigeria,Africa,2018,3,NG,9.081999,8.675277
1079,Nigeria,Africa,2019,2,NG,9.081999,8.675277
1080,Nigeria,Africa,2016,1,NG,9.081999,8.675277
1081,Panama,Americas,2019,51,PA,8.537981,-80.782127
1082,Panama,Americas,1992,125,PA,8.537981,-80.782127
1083,Panama,Americas,1993,129,PA,8.537981,-80.782127
1084,Panama,Americas,1994,76,PA,8.537981,-80.782127
1085,Panama,Americas,1991,124,PA,8.537981,-80.782127
1086,Panama,Americas,1996,139,PA,8.537981,-80.782127
1087,Panama,Americas,1997,124,PA,8.537981,-80.782127
1088,Panama,Americas,1998,145,PA,8.537981,-80.782127
1089,Panama,Americas,1995,181,PA,8.537981,-80.782127
1090,Panama,Americas,2016,56,PA,8.537981,-80.782127
1091,Panama,Americas,2017,50,PA,8.537981,-80.782127
1092,Panama,Americas,2018,47,PA,8.537981,-80.782127
1093,Panama,Americas,1990,132,PA,8.537981,-80.782127
1094,Panama,Americas,2004,99,PA,8.537981,-80.782127
1095,Panama,Americas,2005,90,PA,8.537981,-80.782127
1096,Panama,Americas,2006,107,PA,8.537981,-80.782127
1097,Panama,Americas,2007,109,PA,8.537981,-80.782127
1098,Panama,Americas,2008,114,PA,8.537981,-80.782127
1099,Panama,Americas,2009,59,PA,8.537981,-80.782127
1100,Panama,Americas,2010,65,PA,8.537981,-80.782127
1101,Panama,Americas,2011,53,PA,8.537981,-80.782127
1102,Panama,Americas,1999,118,PA,8.537981,-80.782127
1103,Panama,Americas,2000,72,PA,8.537981,-80.782127
1104,Panama,Americas,2001,57,PA,8.537981,-80.782127
1105,Panama,Americas,2002,83,PA,8.537981,-80.782127
1106,Panama,Americas,2003,86,PA,8.537981,-80.782127
1107,Panama,Americas,2012,51,PA,8.537981,-80.782127
1108,Panama,Americas,2013,49,PA,8.537981,-80.782127
1109,Panama,Americas,2014,51,PA,8.537981,-80.782127
1110,Panama,Americas,2015,50,PA,8.537981,-80.782127
1111,Papua New Guinea,Oceania,1990,1051,PG,-6.314993,143.95555
1112,Papua New Guinea,Oceania,1991,788,PG,-6.314993,143.95555
1113,Papua New Guinea,Oceania,1992,917,PG,-6.314993,143.95555
1114,Papua New Guinea,Oceania,1993,1055,PG,-6.314993,143.95555
1115,Papua New Guinea,Oceania,1994,1157,PG,-6.314993,143.95555
1116,Papua New Guinea,Oceania,1995,1002,PG,-6.314993,143.95555
1117,Papua New Guinea,Oceania,1996,1090,PG,-6.314993,143.95555
1118,Papua New Guinea,Oceania,1997,1043,PG,-6.314993,143.95555
1119,Papua New Guinea,Oceania,2001,1095,PG,-6.314993,143.95555
1120,Papua New Guinea,Oceania,2002,1057,PG,-6.314993,143.95555
1121,Papua New Guinea,Oceania,2003,1147,PG,-6.314993,143.95555
1122,Papua New Guinea,Oceania,2004,1048,PG,-6.314993,143.95555
1123,Papua New Guinea,Oceania,2005,1200,PG,-6.314993,143.95555
1124,Papua New Guinea,Oceania,2006,849,PG,-6.314993,143.95555
1125,Papua New Guinea,Oceania,2007,909,PG,-6.314993,143.95555
1126,Papua New Guinea,Oceania,2008,1096,PG,-6.314993,143.95555
1127,Papua New Guinea,Oceania,2009,1027,PG,-6.314993,143.95555
1128,Papua New Guinea,Oceania,2010,929,PG,-6.314993,143.95555
1129,Papua New Guinea,Oceania,1998,1349,PG,-6.314993,143.95555
1130,Papua New Guinea,Oceania,1999,1320,PG,-6.314993,143.95555
1131,Papua New Guinea,Oceania,2000,1043,PG,-6.314993,143.95555
1132,Papua New Guinea,Oceania,2014,807,PG,-6.314993,143.95555
1133,Papua New Guinea,Oceania,2015,711,PG,-6.314993,143.95555
1134,Papua New Guinea,Oceania,2016,1133,PG,-6.314993,143.95555
1135,Papua New Guinea,Oceania,2017,794,PG,-6.314993,143.95555
1136,Papua New Guinea,Oceania,2018,870,PG,-6.314993,143.95555
1137,Papua New Guinea,Oceania,2019,787,PG,-6.314993,143.95555
1138,Papua New Guinea,Oceania,2011,1225,PG,-6.314993,143.95555
1139,Papua New Guinea,Oceania,2012,925,PG,-6.314993,143.95555
1140,Papua New Guinea,Oceania,2013,811,PG,-6.314993,143.95555
1141,Paraguay,Americas,2007,31,PY,-23.442503,-58.443832
1142,Paraguay,Americas,2004,17,PY,-23.442503,-58.443832
1143,Paraguay,Americas,2005,24,PY,-23.442503,-58.443832
1144,Paraguay,Americas,2006,25,PY,-23.442503,-58.443832
1145,Paraguay,Americas,1998,19,PY,-23.442503,-58.443832
1146,Paraguay,Americas,1999,3,PY,-23.442503,-58.443832
1147,Paraguay,Americas,2000,5,PY,-23.442503,-58.443832
1148,Paraguay,Americas,2001,1,PY,-23.442503,-58.443832
1149,Paraguay,Americas,2002,21,PY,-23.442503,-58.443832
1150,Paraguay,Americas,2003,31,PY,-23.442503,-58.443832
1151,Paraguay,Americas,1990,263,PY,-23.442503,-58.443832
1152,Paraguay,Americas,1991,120,PY,-23.442503,-58.443832
1153,Paraguay,Americas,1992,40,PY,-23.442503,-58.443832
1154,Paraguay,Americas,1993,58,PY,-23.442503,-58.443832
1155,Paraguay,Americas,1994,48,PY,-23.442503,-58.443832
1156,Paraguay,Americas,1995,21,PY,-23.442503,-58.443832
1157,Paraguay,Americas,1996,16,PY,-23.442503,-58.443832
1158,Paraguay,Americas,1997,35,PY,-23.442503,-58.443832
1159,Paraguay,Americas,2011,0,PY,-23.442503,-58.443832
1160,Paraguay,Americas,2012,0,PY,-23.442503,-58.443832
1161,Paraguay,Americas,2013,0,PY,-23.442503,-58.443832
1162,Paraguay,Americas,2014,0,PY,-23.442503,-58.443832
1163,Paraguay,Americas,2015,0,PY,-23.442503,-58.443832
1164,Paraguay,Americas,2016,0,PY,-23.442503,-58.443832
1165,Paraguay,Americas,2017,0,PY,-23.442503,-58.443832
1166,Paraguay,Americas,2018,0,PY,-23.442503,-58.443832
1167,Paraguay,Americas,2019,0,PY,-23.442503,-58.443832
1168,Paraguay,Americas,2008,1,PY,-23.442503,-58.443832
1169,Paraguay,Americas,2009,0,PY,-23.442503,-58.443832
1170,Paraguay,Americas,2010,0,PY,-23.442503,-58.443832
1171,Peru,Americas,2017,3946,PE,-9.189967,-75.015152
1172,Peru,Americas,2008,3733,PE,-9.189967,-75.015152
1173,Peru,Americas,2009,3074,PE,-9.189967,-75.015152
1174,Peru,Americas,2010,3817,PE,-9.189967,-75.015152
1175,Peru,Americas,2011,4697,PE,-9.189967,-75.015152
1176,Peru,Americas,2012,4310,PE,-9.189967,-75.015152
1177,Peru,Americas,2013,3736,PE,-9.189967,-75.015152
1178,Peru,Americas,2014,2720,PE,-9.189967,-75.015152
1179,Peru,Americas,2015,2790,PE,-9.189967,-75.015152
1180,Peru,Americas,2016,3960,PE,-9.189967,-75.015152
1181,Peru,Americas,1990,1105,PE,-9.189967,-75.015152
1182,Peru,Americas,1991,1042,PE,-9.189967,-75.015152
1183,Peru,Americas,1992,1061,PE,-9.189967,-75.015152
1184,Peru,Americas,1993,775,PE,-9.189967,-75.015152
1185,Peru,Americas,1994,1057,PE,-9.189967,-75.015152
1186,Peru,Americas,1995,1760,PE,-9.189967,-75.015152
1187,Peru,Americas,1996,1679,PE,-9.189967,-75.015152
1188,Peru,Americas,1997,1648,PE,-9.189967,-75.015152
1189,Peru,Americas,1998,1949,PE,-9.189967,-75.015152
1190,Peru,Americas,1999,2407,PE,-9.189967,-75.015152
1191,Peru,Americas,2000,2362,PE,-9.189967,-75.015152
1192,Peru,Americas,2001,2663,PE,-9.189967,-75.015152
1193,Peru,Americas,2002,2789,PE,-9.189967,-75.015152
1194,Peru,Americas,2003,2503,PE,-9.189967,-75.015152
1195,Peru,Americas,2004,3184,PE,-9.189967,-75.015152
1196,Peru,Americas,2005,2369,PE,-9.189967,-75.015152
1197,Peru,Americas,2006,3881,PE,-9.189967,-75.015152
1198,Peru,Americas,2007,2879,PE,-9.189967,-75.015152
1199,Peru,Americas,2019,3772,PE,-9.189967,-75.015152
1200,Peru,Americas,2018,4064,PE,-9.189967,-75.015152
1201,Philippines,Asia,2019,7,PH,12.879721,121.774017
1202,Philippines,Asia,1992,41,PH,12.879721,121.774017
1203,Philippines,Asia,2018,4,PH,12.879721,121.774017
1204,Philippines,Asia,1995,57,PH,12.879721,121.774017
1205,Philippines,Asia,1996,27,PH,12.879721,121.774017
1206,Philippines,Asia,1993,35,PH,12.879721,121.774017
1207,Philippines,Asia,1994,126,PH,12.879721,121.774017
1208,Philippines,Asia,1999,9,PH,12.879721,121.774017
1209,Philippines,Asia,2000,5,PH,12.879721,121.774017
1210,Philippines,Asia,1997,31,PH,12.879721,121.774017
1211,Philippines,Asia,1998,21,PH,12.879721,121.774017
1212,Philippines,Asia,1990,168,PH,12.879721,121.774017
1213,Philippines,Asia,1991,103,PH,12.879721,121.774017
1214,Philippines,Asia,2005,34,PH,12.879721,121.774017
1215,Philippines,Asia,2006,38,PH,12.879721,121.774017
1216,Philippines,Asia,2007,32,PH,12.879721,121.774017
1217,Philippines,Asia,2008,4,PH,12.879721,121.774017
1218,Philippines,Asia,2009,7,PH,12.879721,121.774017
1219,Philippines,Asia,2010,6,PH,12.879721,121.774017
1220,Philippines,Asia,2011,10,PH,12.879721,121.774017
1221,Philippines,Asia,2012,3,PH,12.879721,121.774017
1222,Philippines,Asia,2013,6,PH,12.879721,121.774017
1223,Philippines,Asia,2001,3,PH,12.879721,121.774017
1224,Philippines,Asia,2002,7,PH,12.879721,121.774017
1225,Philippines,Asia,2003,12,PH,12.879721,121.774017
1226,Philippines,Asia,2004,29,PH,12.879721,121.774017
1227,Philippines,Asia,2017,9,PH,12.879721,121.774017
1228,Philippines,Asia,2014,12,PH,12.879721,121.774017
1229,Philippines,Asia,2015,15,PH,12.879721,121.774017
1230,Philippines,Asia,2016,13,PH,12.879721,121.774017
1231,Rwanda,Africa,1990,779,RW,-1.940278,29.873888
1232,Rwanda,Africa,1991,474,RW,-1.940278,29.873888
1233,Rwanda,Africa,1992,645,RW,-1.940278,29.873888
1234,Rwanda,Africa,1993,481,RW,-1.940278,29.873888
1235,Rwanda,Africa,1994,30,RW,-1.940278,29.873888
1236,Rwanda,Africa,1995,314,RW,-1.940278,29.873888
1237,Rwanda,Africa,1996,265,RW,-1.940278,29.873888
1238,Rwanda,Africa,1997,218,RW,-1.940278,29.873888
1239,Rwanda,Africa,1998,214,RW,-1.940278,29.873888
1240,Rwanda,Africa,2002,330,RW,-1.940278,29.873888
1241,Rwanda,Africa,2003,245,RW,-1.940278,29.873888
1242,Rwanda,Africa,2004,450,RW,-1.940278,29.873888
1243,Rwanda,Africa,2005,236,RW,-1.940278,29.873888
1244,Rwanda,Africa,2006,389,RW,-1.940278,29.873888
1245,Rwanda,Africa,2007,256,RW,-1.940278,29.873888
1246,Rwanda,Africa,2008,326,RW,-1.940278,29.873888
1247,Rwanda,Africa,2009,304,RW,-1.940278,29.873888
1248,Rwanda,Africa,2010,296,RW,-1.940278,29.873888
1249,Rwanda,Africa,2011,277,RW,-1.940278,29.873888
1250,Rwanda,Africa,1999,314,RW,-1.940278,29.873888
1251,Rwanda,Africa,2000,270,RW,-1.940278,29.873888
1252,Rwanda,Africa,2001,279,RW,-1.940278,29.873888
1253,Rwanda,Africa,2015,263,RW,-1.940278,29.873888
1254,Rwanda,Africa,2016,244,RW,-1.940278,29.873888
1255,Rwanda,Africa,2017,246,RW,-1.940278,29.873888
1256,Rwanda,Africa,2018,350,RW,-1.940278,29.873888
1257,Rwanda,Africa,2019,389,RW,-1.940278,29.873888
1258,Rwanda,Africa,2012,251,RW,-1.940278,29.873888
1259,Rwanda,Africa,2013,254,RW,-1.940278,29.873888
1260,Rwanda,Africa,2014,256,RW,-1.940278,29.873888
1261,Sierra Leone,Africa,2004,23,SL,8.460555,-11.779889
1262,Sierra Leone,Africa,2008,26,SL,8.460555,-11.779889
1263,Sierra Leone,Africa,2005,20,SL,8.460555,-11.779889
1264,Sierra Leone,Africa,2006,51,SL,8.460555,-11.779889
1265,Sierra Leone,Africa,2007,51,SL,8.460555,-11.779889
1266,Sierra Leone,Africa,1999,23,SL,8.460555,-11.779889
1267,Sierra Leone,Africa,2000,40,SL,8.460555,-11.779889
1268,Sierra Leone,Africa,2001,36,SL,8.460555,-11.779889
1269,Sierra Leone,Africa,2002,80,SL,8.460555,-11.779889
1270,Sierra Leone,Africa,2003,34,SL,8.460555,-11.779889
1271,Sierra Leone,Africa,1990,140,SL,8.460555,-11.779889
1272,Sierra Leone,Africa,1991,104,SL,8.460555,-11.779889
1273,Sierra Leone,Africa,1992,47,SL,8.460555,-11.779889
1274,Sierra Leone,Africa,1993,41,SL,8.460555,-11.779889
1275,Sierra Leone,Africa,1994,62,SL,8.460555,-11.779889
1276,Sierra Leone,Africa,1995,71,SL,8.460555,-11.779889
1277,Sierra Leone,Africa,1996,29,SL,8.460555,-11.779889
1278,Sierra Leone,Africa,1997,47,SL,8.460555,-11.779889
1279,Sierra Leone,Africa,1998,42,SL,8.460555,-11.779889
1280,Sierra Leone,Africa,2012,65,SL,8.460555,-11.779889
1281,Sierra Leone,Africa,2013,57,SL,8.460555,-11.779889
1282,Sierra Leone,Africa,2014,24,SL,8.460555,-11.779889
1283,Sierra Leone,Africa,2015,54,SL,8.460555,-11.779889
1284,Sierra Leone,Africa,2016,26,SL,8.460555,-11.779889
1285,Sierra Leone,Africa,2017,35,SL,8.460555,-11.779889
1286,Sierra Leone,Africa,2018,27,SL,8.460555,-11.779889
1287,Sierra Leone,Africa,2019,47,SL,8.460555,-11.779889
1288,Sierra Leone,Africa,2011,37,SL,8.460555,-11.779889
1289,Sierra Leone,Africa,2009,104,SL,8.460555,-11.779889
1290,Sierra Leone,Africa,2010,58,SL,8.460555,-11.779889
1291,Sri Lanka,Asia,2018,2,LK,7.873054,80.771797
1292,Sri Lanka,Asia,2017,2,LK,7.873054,80.771797
1293,Sri Lanka,Asia,2009,1,LK,7.873054,80.771797
1294,Sri Lanka,Asia,2010,2,LK,7.873054,80.771797
1295,Sri Lanka,Asia,2011,2,LK,7.873054,80.771797
1296,Sri Lanka,Asia,2012,0,LK,7.873054,80.771797
1297,Sri Lanka,Asia,2013,0,LK,7.873054,80.771797
1298,Sri Lanka,Asia,2014,2,LK,7.873054,80.771797
1299,Sri Lanka,Asia,2015,0,LK,7.873054,80.771797
1300,Sri Lanka,Asia,2016,1,LK,7.873054,80.771797
1301,Sri Lanka,Asia,1990,19,LK,7.873054,80.771797
1302,Sri Lanka,Asia,1991,22,LK,7.873054,80.771797
1303,Sri Lanka,Asia,1992,15,LK,7.873054,80.771797
1304,Sri Lanka,Asia,1993,14,LK,7.873054,80.771797
1305,Sri Lanka,Asia,1994,47,LK,7.873054,80.771797
1306,Sri Lanka,Asia,1995,22,LK,7.873054,80.771797
1307,Sri Lanka,Asia,1996,12,LK,7.873054,80.771797
1308,Sri Lanka,Asia,1997,21,LK,7.873054,80.771797
1309,Sri Lanka,Asia,1998,27,LK,7.873054,80.771797
1310,Sri Lanka,Asia,1999,17,LK,7.873054,80.771797
1311,Sri Lanka,Asia,2000,2,LK,7.873054,80.771797
1312,Sri Lanka,Asia,2001,4,LK,7.873054,80.771797
1313,Sri Lanka,Asia,2002,3,LK,7.873054,80.771797
1314,Sri Lanka,Asia,2003,6,LK,7.873054,80.771797
1315,Sri Lanka,Asia,2004,7,LK,7.873054,80.771797
1316,Sri Lanka,Asia,2005,3,LK,7.873054,80.771797
1317,Sri Lanka,Asia,2006,7,LK,7.873054,80.771797
1318,Sri Lanka,Asia,2007,4,LK,7.873054,80.771797
1319,Sri Lanka,Asia,2008,2,LK,7.873054,80.771797
1320,Sri Lanka,Asia,2019,1,LK,7.873054,80.771797
1321,Tanzania,Africa,2019,1069,TZ,-6.369028,34.888822
1322,Tanzania,Africa,1992,828,TZ,-6.369028,34.888822
1323,Tanzania,Africa,1993,1037,TZ,-6.369028,34.888822
1324,Tanzania,Africa,1995,745,TZ,-6.369028,34.888822
1325,Tanzania,Africa,1996,970,TZ,-6.369028,34.888822
1326,Tanzania,Africa,1997,655,TZ,-6.369028,34.888822
1327,Tanzania,Africa,1994,632,TZ,-6.369028,34.888822
1328,Tanzania,Africa,1999,643,TZ,-6.369028,34.888822
1329,Tanzania,Africa,2000,740,TZ,-6.369028,34.888822
1330,Tanzania,Africa,2001,866,TZ,-6.369028,34.888822
1331,Tanzania,Africa,1998,742,TZ,-6.369028,34.888822
1332,Tanzania,Africa,1990,1019,TZ,-6.369028,34.888822
1333,Tanzania,Africa,1991,871,TZ,-6.369028,34.888822
1334,Tanzania,Africa,2005,712,TZ,-6.369028,34.888822
1335,Tanzania,Africa,2006,732,TZ,-6.369028,34.888822
1336,Tanzania,Africa,2007,807,TZ,-6.369028,34.888822
1337,Tanzania,Africa,2008,818,TZ,-6.369028,34.888822
1338,Tanzania,Africa,2009,1157,TZ,-6.369028,34.888822
1339,Tanzania,Africa,2010,556,TZ,-6.369028,34.888822
1340,Tanzania,Africa,2011,798,TZ,-6.369028,34.888822
1341,Tanzania,Africa,2012,756,TZ,-6.369028,34.888822
1342,Tanzania,Africa,2013,935,TZ,-6.369028,34.888822
1343,Tanzania,Africa,2014,718,TZ,-6.369028,34.888822
1344,Tanzania,Africa,2002,496,TZ,-6.369028,34.888822
1345,Tanzania,Africa,2003,883,TZ,-6.369028,34.888822
1346,Tanzania,Africa,2004,553,TZ,-6.369028,34.888822
1347,Tanzania,Africa,2018,856,TZ,-6.369028,34.888822
1348,Tanzania,Africa,2015,709,TZ,-6.369028,34.888822
1349,Tanzania,Africa,2016,905,TZ,-6.369028,34.888822
1350,Tanzania,Africa,2017,664,TZ,-6.369028,34.888822
1351,Thailand,Asia,1991,541,TH,15.870032,100.992541
1352,Thailand,Asia,1995,1210,TH,15.870032,100.992541
1353,Thailand,Asia,1992,1164,TH,15.870032,100.992541
1354,Thailand,Asia,1993,982,TH,15.870032,100.992541
1355,Thailand,Asia,1994,1136,TH,15.870032,100.992541
1356,Thailand,Asia,1999,493,TH,15.870032,100.992541
1357,Thailand,Asia,1996,873,TH,15.870032,100.992541
1358,Thailand,Asia,1997,1066,TH,15.870032,100.992541
1359,Thailand,Asia,1998,778,TH,15.870032,100.992541
1360,Thailand,Asia,1990,1001,TH,15.870032,100.992541
1361,Thailand,Asia,2003,181,TH,15.870032,100.992541
1362,Thailand,Asia,2004,420,TH,15.870032,100.992541
1363,Thailand,Asia,2005,375,TH,15.870032,100.992541
1364,Thailand,Asia,2006,540,TH,15.870032,100.992541
1365,Thailand,Asia,2007,365,TH,15.870032,100.992541
1366,Thailand,Asia,2008,175,TH,15.870032,100.992541
1367,Thailand,Asia,2009,185,TH,15.870032,100.992541
1368,Thailand,Asia,2010,370,TH,15.870032,100.992541
1369,Thailand,Asia,2011,243,TH,15.870032,100.992541
1370,Thailand,Asia,2012,350,TH,15.870032,100.992541
1371,Thailand,Asia,2000,970,TH,15.870032,100.992541
1372,Thailand,Asia,2001,1148,TH,15.870032,100.992541
1373,Thailand,Asia,2002,253,TH,15.870032,100.992541
1374,Thailand,Asia,2016,131,TH,15.870032,100.992541
1375,Thailand,Asia,2017,141,TH,15.870032,100.992541
1376,Thailand,Asia,2018,258,TH,15.870032,100.992541
1377,Thailand,Asia,2019,174,TH,15.870032,100.992541
1378,Thailand,Asia,2015,578,TH,15.870032,100.992541
1379,Thailand,Asia,2013,49,TH,15.870032,100.992541
1380,Thailand,Asia,2014,27,TH,15.870032,100.992541
1381,Timor-Leste,Asia,2005,18,TL,-8.874217,125.727539
1382,Timor-Leste,Asia,2004,22,TL,-8.874217,125.727539
1383,Timor-Leste,Asia,2009,43,TL,-8.874217,125.727539
1384,Timor-Leste,Asia,2006,49,TL,-8.874217,125.727539
1385,Timor-Leste,Asia,2007,31,TL,-8.874217,125.727539
1386,Timor-Leste,Asia,2008,50,TL,-8.874217,125.727539
1387,Timor-Leste,Asia,2000,1,TL,-8.874217,125.727539
1388,Timor-Leste,Asia,2001,32,TL,-8.874217,125.727539
1389,Timor-Leste,Asia,2002,30,TL,-8.874217,125.727539
1390,Timor-Leste,Asia,2003,46,TL,-8.874217,125.727539
1391,Timor-Leste,Asia,1990,0,TL,-8.874217,125.727539
1392,Timor-Leste,Asia,1991,0,TL,-8.874217,125.727539
1393,Timor-Leste,Asia,1992,0,TL,-8.874217,125.727539
1394,Timor-Leste,Asia,1993,0,TL,-8.874217,125.727539
1395,Timor-Leste,Asia,1994,0,TL,-8.874217,125.727539
1396,Timor-Leste,Asia,1995,0,TL,-8.874217,125.727539
1397,Timor-Leste,Asia,1996,0,TL,-8.874217,125.727539
1398,Timor-Leste,Asia,1997,0,TL,-8.874217,125.727539
1399,Timor-Leste,Asia,1998,0,TL,-8.874217,125.727539
1400,Timor-Leste,Asia,1999,0,TL,-8.874217,125.727539
1401,Timor-Leste,Asia,2013,70,TL,-8.874217,125.727539
1402,Timor-Leste,Asia,2014,111,TL,-8.874217,125.727539
1403,Timor-Leste,Asia,2015,68,TL,-8.874217,125.727539
1404,Timor-Leste,Asia,2016,68,TL,-8.874217,125.727539
1405,Timor-Leste,Asia,2017,86,TL,-8.874217,125.727539
1406,Timor-Leste,Asia,2018,129,TL,-8.874217,125.727539
1407,Timor-Leste,Asia,2019,117,TL,-8.874217,125.727539
1408,Timor-Leste,Asia,2011,39,TL,-8.874217,125.727539
1409,Timor-Leste,Asia,2012,56,TL,-8.874217,125.727539
1410,Timor-Leste,Asia,2010,68,TL,-8.874217,125.727539
1411,Togo,Africa,2019,58,TG,8.619543,0.824782
1412,Togo,Africa,2017,27,TG,8.619543,0.824782
1413,Togo,Africa,2018,111,TG,8.619543,0.824782
1414,Togo,Africa,2010,198,TG,8.619543,0.824782
1415,Togo,Africa,2011,155,TG,8.619543,0.824782
1416,Togo,Africa,2012,147,TG,8.619543,0.824782
1417,Togo,Africa,2013,91,TG,8.619543,0.824782
1418,Togo,Africa,2014,134,TG,8.619543,0.824782
1419,Togo,Africa,2015,178,TG,8.619543,0.824782
1420,Togo,Africa,2016,75,TG,8.619543,0.824782
1421,Togo,Africa,1990,239,TG,8.619543,0.824782
1422,Togo,Africa,1991,155,TG,8.619543,0.824782
1423,Togo,Africa,1992,313,TG,8.619543,0.824782
1424,Togo,Africa,1993,218,TG,8.619543,0.824782
1425,Togo,Africa,1994,166,TG,8.619543,0.824782
1426,Togo,Africa,1995,200,TG,8.619543,0.824782
1427,Togo,Africa,1996,85,TG,8.619543,0.824782
1428,Togo,Africa,1997,313,TG,8.619543,0.824782
1429,Togo,Africa,1998,166,TG,8.619543,0.824782
1430,Togo,Africa,1999,321,TG,8.619543,0.824782
1431,Togo,Africa,2000,283,TG,8.619543,0.824782
1432,Togo,Africa,2001,193,TG,8.619543,0.824782
1433,Togo,Africa,2002,100,TG,8.619543,0.824782
1434,Togo,Africa,2003,72,TG,8.619543,0.824782
1435,Togo,Africa,2004,149,TG,8.619543,0.824782
1436,Togo,Africa,2005,164,TG,8.619543,0.824782
1437,Togo,Africa,2006,118,TG,8.619543,0.824782
1438,Togo,Africa,2007,155,TG,8.619543,0.824782
1439,Togo,Africa,2008,121,TG,8.619543,0.824782
1440,Togo,Africa,2009,152,TG,8.619543,0.824782
1441,Trinidad & Tobago,Americas,2006,1,NA,NA,NA
1442,Trinidad & Tobago,Americas,2007,1,NA,NA,NA
1443,Trinidad & Tobago,Americas,2008,1,NA,NA,NA
1444,Trinidad & Tobago,Americas,2009,0,NA,NA,NA
1445,Trinidad & Tobago,Americas,2010,1,NA,NA,NA
1446,Trinidad & Tobago,Americas,2011,0,NA,NA,NA
1447,Trinidad & Tobago,Americas,2012,1,NA,NA,NA
1448,Trinidad & Tobago,Americas,2013,2,NA,NA,NA
1449,Trinidad & Tobago,Americas,2014,2,NA,NA,NA
1450,Trinidad & Tobago,Americas,2015,2,NA,NA,NA
1451,Trinidad & Tobago,Americas,2016,2,NA,NA,NA
1452,Trinidad & Tobago,Americas,2017,2,NA,NA,NA
1453,Trinidad & Tobago,Americas,2018,3,NA,NA,NA
1454,Trinidad & Tobago,Americas,2019,2,NA,NA,NA
1455,Trinidad & Tobago,Americas,1990,30,NA,NA,NA
1456,Trinidad & Tobago,Americas,1991,8,NA,NA,NA
1457,Trinidad & Tobago,Americas,1995,4,NA,NA,NA
1458,Trinidad & Tobago,Americas,1992,2,NA,NA,NA
1459,Trinidad & Tobago,Americas,1993,10,NA,NA,NA
1460,Trinidad & Tobago,Americas,1994,5,NA,NA,NA
1461,Trinidad & Tobago,Americas,1999,3,NA,NA,NA
1462,Trinidad & Tobago,Americas,1996,4,NA,NA,NA
1463,Trinidad & Tobago,Americas,1997,4,NA,NA,NA
1464,Trinidad & Tobago,Americas,1998,5,NA,NA,NA
1465,Trinidad & Tobago,Americas,2002,2,NA,NA,NA
1466,Trinidad & Tobago,Americas,2001,3,NA,NA,NA
1467,Trinidad & Tobago,Americas,2000,3,NA,NA,NA
1468,Trinidad & Tobago,Americas,2005,1,NA,NA,NA
1469,Trinidad & Tobago,Americas,2004,2,NA,NA,NA
1470,Trinidad & Tobago,Americas,2003,2,NA,NA,NA
1471,Uganda,Africa,1990,2353,UG,1.373333,32.290275
1472,Uganda,Africa,1991,2095,UG,1.373333,32.290275
1473,Uganda,Africa,1992,1961,UG,1.373333,32.290275
1474,Uganda,Africa,1993,1829,UG,1.373333,32.290275
1475,Uganda,Africa,1994,3369,UG,1.373333,32.290275
1476,Uganda,Africa,1995,3079,UG,1.373333,32.290275
1477,Uganda,Africa,1996,4655,UG,1.373333,32.290275
1478,Uganda,Africa,1997,3502,UG,1.373333,32.290275
1479,Uganda,Africa,1998,3286,UG,1.373333,32.290275
1480,Uganda,Africa,1999,3841,UG,1.373333,32.290275
1481,Uganda,Africa,2000,2513,UG,1.373333,32.290275
1482,Uganda,Africa,2001,3060,UG,1.373333,32.290275
1483,Uganda,Africa,2002,3358,UG,1.373333,32.290275
1484,Uganda,Africa,2003,2522,UG,1.373333,32.290275
1485,Uganda,Africa,2004,2627,UG,1.373333,32.290275
1486,Uganda,Africa,2005,2369,UG,1.373333,32.290275
1487,Uganda,Africa,2006,2173,UG,1.373333,32.290275
1488,Uganda,Africa,2007,2693,UG,1.373333,32.290275
1489,Uganda,Africa,2008,3311,UG,1.373333,32.290275
1490,Uganda,Africa,2009,3014,UG,1.373333,32.290275
1491,Uganda,Africa,2010,2657,UG,1.373333,32.290275
1492,Uganda,Africa,2011,3142,UG,1.373333,32.290275
1493,Uganda,Africa,2012,2685,UG,1.373333,32.290275
1494,Uganda,Africa,2013,3672,UG,1.373333,32.290275
1495,Uganda,Africa,2014,3442,UG,1.373333,32.290275
1496,Uganda,Africa,2015,3596,UG,1.373333,32.290275
1497,Uganda,Africa,2016,3543,UG,1.373333,32.290275
1498,Uganda,Africa,2017,4774,UG,1.373333,32.290275
1499,Uganda,Africa,2018,4223,UG,1.373333,32.290275
1500,Uganda,Africa,2019,4526,UG,1.373333,32.290275
1501,Venezuela,Americas,1990,278,VE,6.42375,-66.58973
1502,Venezuela,Americas,1991,128,VE,6.42375,-66.58973
1503,Venezuela,Americas,1992,136,VE,6.42375,-66.58973
1504,Venezuela,Americas,1993,525,VE,6.42375,-66.58973
1505,Venezuela,Americas,1994,386,VE,6.42375,-66.58973
1506,Venezuela,Americas,1995,97,VE,6.42375,-66.58973
1507,Venezuela,Americas,1996,495,VE,6.42375,-66.58973
1508,Venezuela,Americas,1997,105,VE,6.42375,-66.58973
1509,Venezuela,Americas,1998,268,VE,6.42375,-66.58973
1510,Venezuela,Americas,1999,464,VE,6.42375,-66.58973
1511,Venezuela,Americas,2000,38,VE,6.42375,-66.58973
1512,Venezuela,Americas,2001,26,VE,6.42375,-66.58973
1513,Venezuela,Americas,2002,192,VE,6.42375,-66.58973
1514,Venezuela,Americas,2003,260,VE,6.42375,-66.58973
1515,Venezuela,Americas,2004,170,VE,6.42375,-66.58973
1516,Venezuela,Americas,2005,22,VE,6.42375,-66.58973
1517,Venezuela,Americas,2006,65,VE,6.42375,-66.58973
1518,Venezuela,Americas,2007,70,VE,6.42375,-66.58973
1519,Venezuela,Americas,2008,125,VE,6.42375,-66.58973
1520,Venezuela,Americas,2009,18,VE,6.42375,-66.58973
1521,Venezuela,Americas,2010,19,VE,6.42375,-66.58973
1522,Venezuela,Americas,2011,0,VE,6.42375,-66.58973
1523,Venezuela,Americas,2012,2,VE,6.42375,-66.58973
1524,Venezuela,Americas,2013,6,VE,6.42375,-66.58973
1525,Venezuela,Americas,2014,0,VE,6.42375,-66.58973
1526,Venezuela,Americas,2015,1,VE,6.42375,-66.58973
1527,Venezuela,Americas,2016,0,VE,6.42375,-66.58973
1528,Venezuela,Americas,2017,0,VE,6.42375,-66.58973
1529,Venezuela,Americas,2018,72,VE,6.42375,-66.58973
1530,Venezuela,Americas,2019,53,VE,6.42375,-66.58973
1531,Viet Nam,Asia,1990,1145,VN,14.058324,108.277199
1532,Viet Nam,Asia,1991,1201,VN,14.058324,108.277199
1533,Viet Nam,Asia,1992,1938,VN,14.058324,108.277199
1534,Viet Nam,Asia,1993,2072,VN,14.058324,108.277199
1535,Viet Nam,Asia,1994,2721,VN,14.058324,108.277199
1536,Viet Nam,Asia,1995,3546,VN,14.058324,108.277199
1537,Viet Nam,Asia,1996,3779,VN,14.058324,108.277199
1538,Viet Nam,Asia,1997,6178,VN,14.058324,108.277199
1539,Viet Nam,Asia,1998,6467,VN,14.058324,108.277199
1540,Viet Nam,Asia,1999,7727,VN,14.058324,108.277199
1541,Viet Nam,Asia,2000,11618,VN,14.058324,108.277199
1542,Viet Nam,Asia,2001,14106,VN,14.058324,108.277199
1543,Viet Nam,Asia,2002,11771,VN,14.058324,108.277199
1544,Viet Nam,Asia,2003,11631,VN,14.058324,108.277199
1545,Viet Nam,Asia,2004,14859,VN,14.058324,108.277199
1546,Viet Nam,Asia,2005,13432,VN,14.058324,108.277199
1547,Viet Nam,Asia,2006,13905,VN,14.058324,108.277199
1548,Viet Nam,Asia,2007,17936,VN,14.058324,108.277199
1549,Viet Nam,Asia,2008,16101,VN,14.058324,108.277199
1550,Viet Nam,Asia,2009,17052,VN,14.058324,108.277199
1551,Viet Nam,Asia,2010,14229,VN,14.058324,108.277199
1552,Viet Nam,Asia,2011,17717,VN,14.058324,108.277199
1553,Viet Nam,Asia,2012,22920,VN,14.058324,108.277199
1554,Viet Nam,Asia,2013,19718,VN,14.058324,108.277199
1555,Viet Nam,Asia,2014,26097,VN,14.058324,108.277199
1556,Viet Nam,Asia,2015,21944,VN,14.058324,108.277199
1557,Viet Nam,Asia,2016,29721,VN,14.058324,108.277199
1558,Viet Nam,Asia,2017,25092,VN,14.058324,108.277199
1559,Viet Nam,Asia,2018,31385,VN,14.058324,108.277199
1560,Viet Nam,Asia,2019,27400,VN,14.058324,108.277199
1561,Yemen,Asia,1990,50,YE,15.552727,48.516388
1562,Yemen,Asia,1991,72,YE,15.552727,48.516388
1563,Yemen,Asia,1992,37,YE,15.552727,48.516388
1564,Yemen,Asia,1993,51,YE,15.552727,48.516388
1565,Yemen,Asia,1994,93,YE,15.552727,48.516388
1566,Yemen,Asia,1995,77,YE,15.552727,48.516388
1567,Yemen,Asia,1996,42,YE,15.552727,48.516388
1568,Yemen,Asia,1997,80,YE,15.552727,48.516388
1569,Yemen,Asia,1998,71,YE,15.552727,48.516388
1570,Yemen,Asia,1999,68,YE,15.552727,48.516388
1571,Yemen,Asia,2000,58,YE,15.552727,48.516388
1572,Yemen,Asia,2001,66,YE,15.552727,48.516388
1573,Yemen,Asia,2002,61,YE,15.552727,48.516388
1574,Yemen,Asia,2003,55,YE,15.552727,48.516388
1575,Yemen,Asia,2004,45,YE,15.552727,48.516388
1576,Yemen,Asia,2005,78,YE,15.552727,48.516388
1577,Yemen,Asia,2006,61,YE,15.552727,48.516388
1578,Yemen,Asia,2007,72,YE,15.552727,48.516388
1579,Yemen,Asia,2008,67,YE,15.552727,48.516388
1580,Yemen,Asia,2009,39,YE,15.552727,48.516388
1581,Yemen,Asia,2010,44,YE,15.552727,48.516388
1582,Yemen,Asia,2011,35,YE,15.552727,48.516388
1583,Yemen,Asia,2012,63,YE,15.552727,48.516388
1584,Yemen,Asia,2013,55,YE,15.552727,48.516388
1585,Yemen,Asia,2014,57,YE,15.552727,48.516388
1586,Yemen,Asia,2015,52,YE,15.552727,48.516388
1587,Yemen,Asia,2016,38,YE,15.552727,48.516388
1588,Yemen,Asia,2017,46,YE,15.552727,48.516388
1589,Yemen,Asia,2018,42,YE,15.552727,48.516388
1590,Yemen,Asia,2019,12,YE,15.552727,48.516388
1591,Zambia,Africa,1990,24,ZM,-13.133897,27.849332
1592,Zambia,Africa,1991,29,ZM,-13.133897,27.849332
1593,Zambia,Africa,1992,31,ZM,-13.133897,27.849332
1594,Zambia,Africa,1993,23,ZM,-13.133897,27.849332
1595,Zambia,Africa,1994,24,ZM,-13.133897,27.849332
1596,Zambia,Africa,1995,21,ZM,-13.133897,27.849332
1597,Zambia,Africa,1996,36,ZM,-13.133897,27.849332
1598,Zambia,Africa,1997,39,ZM,-13.133897,27.849332
1599,Zambia,Africa,1998,33,ZM,-13.133897,27.849332
1600,Zambia,Africa,1999,51,ZM,-13.133897,27.849332
1601,Zambia,Africa,2000,65,ZM,-13.133897,27.849332
1602,Zambia,Africa,2001,115,ZM,-13.133897,27.849332
1603,Zambia,Africa,2002,99,ZM,-13.133897,27.849332
1604,Zambia,Africa,2003,130,ZM,-13.133897,27.849332
1605,Zambia,Africa,2004,104,ZM,-13.133897,27.849332
1606,Zambia,Africa,2005,106,ZM,-13.133897,27.849332
1607,Zambia,Africa,2006,78,ZM,-13.133897,27.849332
1608,Zambia,Africa,2007,54,ZM,-13.133897,27.849332
1609,Zambia,Africa,2008,48,ZM,-13.133897,27.849332
1610,Zambia,Africa,2009,33,ZM,-13.133897,27.849332
1611,Zambia,Africa,2010,18,ZM,-13.133897,27.849332
1612,Zambia,Africa,2011,9,ZM,-13.133897,27.849332
1613,Zambia,Africa,2012,7,ZM,-13.133897,27.849332
1614,Zambia,Africa,2013,10,ZM,-13.133897,27.849332
1615,Zambia,Africa,2014,5,ZM,-13.133897,27.849332
1616,Zambia,Africa,2015,3,ZM,-13.133897,27.849332
1617,Zambia,Africa,2016,10,ZM,-13.133897,27.849332
1618,Zambia,Africa,2017,13,ZM,-13.133897,27.849332
1619,Zambia,Africa,2018,26,ZM,-13.133897,27.849332
1620,Zambia,Africa,2019,27,ZM,-13.133897,27.849332
1621,Zimbabwe,Africa,1990,251,ZW,-19.015438,29.154857
1622,Zimbabwe,Africa,1991,239,ZW,-19.015438,29.154857
1623,Zimbabwe,Africa,1992,162,ZW,-19.015438,29.154857
1624,Zimbabwe,Africa,1993,70,ZW,-19.015438,29.154857
1625,Zimbabwe,Africa,1994,32,ZW,-19.015438,29.154857
1626,Zimbabwe,Africa,1995,157,ZW,-19.015438,29.154857
1627,Zimbabwe,Africa,1996,150,ZW,-19.015438,29.154857
1628,Zimbabwe,Africa,1997,109,ZW,-19.015438,29.154857
1629,Zimbabwe,Africa,1998,153,ZW,-19.015438,29.154857
1630,Zimbabwe,Africa,1999,131,ZW,-19.015438,29.154857
1631,Zimbabwe,Africa,2000,117,ZW,-19.015438,29.154857
1632,Zimbabwe,Africa,2001,105,ZW,-19.015438,29.154857
1633,Zimbabwe,Africa,2002,119,ZW,-19.015438,29.154857
1634,Zimbabwe,Africa,2003,97,ZW,-19.015438,29.154857
1635,Zimbabwe,Africa,2004,113,ZW,-19.015438,29.154857
1636,Zimbabwe,Africa,2005,71,ZW,-19.015438,29.154857
1637,Zimbabwe,Africa,2006,54,ZW,-19.015438,29.154857
1638,Zimbabwe,Africa,2007,32,ZW,-19.015438,29.154857
1639,Zimbabwe,Africa,2008,23,ZW,-19.015438,29.154857
1640,Zimbabwe,Africa,2009,18,ZW,-19.015438,29.154857
1641,Zimbabwe,Africa,2010,7,ZW,-19.015438,29.154857
1642,Zimbabwe,Africa,2011,5,ZW,-19.015438,29.154857
1643,Zimbabwe,Africa,2012,4,ZW,-19.015438,29.154857
1644,Zimbabwe,Africa,2013,2,ZW,-19.015438,29.154857
1645,Zimbabwe,Africa,2014,11,ZW,-19.015438,29.154857
1646,Zimbabwe,Africa,2015,11,ZW,-19.015438,29.154857
1647,Zimbabwe,Africa,2016,12,ZW,-19.015438,29.154857
1648,Zimbabwe,Africa,2017,2,ZW,-19.015438,29.154857
1649,Zimbabwe,Africa,2018,5,ZW,-19.015438,29.154857
1650,Zimbabwe,Africa,2019,6,ZW,-19.015438,29.154857
